--------------------------------------------------------
-- Archivo creado  - lunes-enero-15-2018   
--------------------------------------------------------
REM INSERTING into SIGEBI_OAF.REG_GENERAL_PAGOS_SAU
SET DEFINE OFF;
Insert into SIGEBI_OAF.REG_GENERAL_PAGOS_SAU (ANO,ID,CUENTA,RECIBO,MONTO,CHARGE_DETAIL_CODE,TIPO_PAGO,FECHA_RECIBO,ESTADO,TIPO_IDENTIFICACION) values ('2018','117630304','A00117357','590039','6600','EINA','9',to_date('01/01/17','DD/MM/RR'),'1','1');
Insert into SIGEBI_OAF.REG_GENERAL_PAGOS_SAU (ANO,ID,CUENTA,RECIBO,MONTO,CHARGE_DETAIL_CODE,TIPO_PAGO,FECHA_RECIBO,ESTADO,TIPO_IDENTIFICACION) values ('2018','117630304','A00117357','590040','6600','EINA','9',to_date('01/01/17','DD/MM/RR'),'1','2');
Insert into SIGEBI_OAF.REG_GENERAL_PAGOS_SAU (ANO,ID,CUENTA,RECIBO,MONTO,CHARGE_DETAIL_CODE,TIPO_PAGO,FECHA_RECIBO,ESTADO,TIPO_IDENTIFICACION) values ('2018','117630304','A00117357','590041','6600','EINA','9',to_date('01/01/17','DD/MM/RR'),'1','1');
Insert into SIGEBI_OAF.REG_GENERAL_PAGOS_SAU (ANO,ID,CUENTA,RECIBO,MONTO,CHARGE_DETAIL_CODE,TIPO_PAGO,FECHA_RECIBO,ESTADO,TIPO_IDENTIFICACION) values ('2018','117630304','A00117357','590042','6600','EINA','9',to_date('01/01/17','DD/MM/RR'),'1','1');
Insert into SIGEBI_OAF.REG_GENERAL_PAGOS_SAU (ANO,ID,CUENTA,RECIBO,MONTO,CHARGE_DETAIL_CODE,TIPO_PAGO,FECHA_RECIBO,ESTADO,TIPO_IDENTIFICACION) values ('2018','117630304','A00117357','590043','6600','EINA','9',to_date('01/01/17','DD/MM/RR'),'1','1');
Insert into SIGEBI_OAF.REG_GENERAL_PAGOS_SAU (ANO,ID,CUENTA,RECIBO,MONTO,CHARGE_DETAIL_CODE,TIPO_PAGO,FECHA_RECIBO,ESTADO,TIPO_IDENTIFICACION) values ('2018','117630304','A00117357','590044','6600','EINA','9',to_date('01/01/17','DD/MM/RR'),'1','1');
Insert into SIGEBI_OAF.REG_GENERAL_PAGOS_SAU (ANO,ID,CUENTA,RECIBO,MONTO,CHARGE_DETAIL_CODE,TIPO_PAGO,FECHA_RECIBO,ESTADO,TIPO_IDENTIFICACION) values ('2018','117630304','A00117357','590045','6600','EINA','9',to_date('01/01/17','DD/MM/RR'),'1','1');
Insert into SIGEBI_OAF.REG_GENERAL_PAGOS_SAU (ANO,ID,CUENTA,RECIBO,MONTO,CHARGE_DETAIL_CODE,TIPO_PAGO,FECHA_RECIBO,ESTADO,TIPO_IDENTIFICACION) values ('2018','117630304','A00117357','590046','6600','EINA','9',to_date('01/01/17','DD/MM/RR'),'1','1');
REM INSERTING into SIGEBI_OAF.SGB_ACCESORIO
SET DEFINE OFF;
Insert into SIGEBI_OAF.SGB_ACCESORIO (ID_ACCESORIO,ID_BIEN,DETALLE,ID_ESTADO) values ('7','9','mouse','1');
Insert into SIGEBI_OAF.SGB_ACCESORIO (ID_ACCESORIO,ID_BIEN,DETALLE,ID_ESTADO) values ('1','10','CASCO NEGRO','1');
Insert into SIGEBI_OAF.SGB_ACCESORIO (ID_ACCESORIO,ID_BIEN,DETALLE,ID_ESTADO) values ('5','5','caja de herramientas','1');
Insert into SIGEBI_OAF.SGB_ACCESORIO (ID_ACCESORIO,ID_BIEN,DETALLE,ID_ESTADO) values ('3','11','Manual de usuario','1');
Insert into SIGEBI_OAF.SGB_ACCESORIO (ID_ACCESORIO,ID_BIEN,DETALLE,ID_ESTADO) values ('6','10','Juego de Llaves','1');
REM INSERTING into SIGEBI_OAF.SGB_ACTA
SET DEFINE OFF;
Insert into SIGEBI_OAF.SGB_ACTA (ID_ACTA,ID_TIPO,AUTORIZACION,FECHA,CEDULA,RAZON_SOCIAL,ID_ESTADO,NUM_UNIDAD_EJEC) values ('3','26','Exclusion de bienes reutilizables',to_date('26/11/17','DD/MM/RR'),'123456','Hogar ancianos heredia','25','1825');
Insert into SIGEBI_OAF.SGB_ACTA (ID_ACTA,ID_TIPO,AUTORIZACION,FECHA,CEDULA,RAZON_SOCIAL,ID_ESTADO,NUM_UNIDAD_EJEC) values ('8','27','Enero 15',to_date('15/01/18','DD/MM/RR'),null,null,'12','1825');
Insert into SIGEBI_OAF.SGB_ACTA (ID_ACTA,ID_TIPO,AUTORIZACION,FECHA,CEDULA,RAZON_SOCIAL,ID_ESTADO,NUM_UNIDAD_EJEC) values ('4','27','Acta registrada por desecho',to_date('27/11/17','DD/MM/RR'),null,null,'26','1825');
Insert into SIGEBI_OAF.SGB_ACTA (ID_ACTA,ID_TIPO,AUTORIZACION,FECHA,CEDULA,RAZON_SOCIAL,ID_ESTADO,NUM_UNIDAD_EJEC) values ('5','26','Nuevo registro de actas',to_date('27/11/17','DD/MM/RR'),'12434555','Junta proteccion social','26','1825');
Insert into SIGEBI_OAF.SGB_ACTA (ID_ACTA,ID_TIPO,AUTORIZACION,FECHA,CEDULA,RAZON_SOCIAL,ID_ESTADO,NUM_UNIDAD_EJEC) values ('7','27','Pruebas por desecho',to_date('15/01/18','DD/MM/RR'),null,null,'12','1825');
Insert into SIGEBI_OAF.SGB_ACTA (ID_ACTA,ID_TIPO,AUTORIZACION,FECHA,CEDULA,RAZON_SOCIAL,ID_ESTADO,NUM_UNIDAD_EJEC) values ('6','27','Se desecha una computadora por que ya está obsoleta',to_date('30/12/17','DD/MM/RR'),null,null,'26','1825');
REM INSERTING into SIGEBI_OAF.SGB_ACTA_DETALLE
SET DEFINE OFF;
Insert into SIGEBI_OAF.SGB_ACTA_DETALLE (ID_ACTA_DETALLE,ID_ACTA,ID_BIEN,ID_ESTADO) values ('31','8','5','27');
Insert into SIGEBI_OAF.SGB_ACTA_DETALLE (ID_ACTA_DETALLE,ID_ACTA,ID_BIEN,ID_ESTADO) values ('27','7','22','27');
Insert into SIGEBI_OAF.SGB_ACTA_DETALLE (ID_ACTA_DETALLE,ID_ACTA,ID_BIEN,ID_ESTADO) values ('18','5','20','27');
Insert into SIGEBI_OAF.SGB_ACTA_DETALLE (ID_ACTA_DETALLE,ID_ACTA,ID_BIEN,ID_ESTADO) values ('19','5','5','27');
Insert into SIGEBI_OAF.SGB_ACTA_DETALLE (ID_ACTA_DETALLE,ID_ACTA,ID_BIEN,ID_ESTADO) values ('20','5','22','27');
Insert into SIGEBI_OAF.SGB_ACTA_DETALLE (ID_ACTA_DETALLE,ID_ACTA,ID_BIEN,ID_ESTADO) values ('14','3','21','27');
Insert into SIGEBI_OAF.SGB_ACTA_DETALLE (ID_ACTA_DETALLE,ID_ACTA,ID_BIEN,ID_ESTADO) values ('15','3','20','27');
Insert into SIGEBI_OAF.SGB_ACTA_DETALLE (ID_ACTA_DETALLE,ID_ACTA,ID_BIEN,ID_ESTADO) values ('16','3','15','27');
Insert into SIGEBI_OAF.SGB_ACTA_DETALLE (ID_ACTA_DETALLE,ID_ACTA,ID_BIEN,ID_ESTADO) values ('17','5','19','27');
Insert into SIGEBI_OAF.SGB_ACTA_DETALLE (ID_ACTA_DETALLE,ID_ACTA,ID_BIEN,ID_ESTADO) values ('21','4','19','27');
Insert into SIGEBI_OAF.SGB_ACTA_DETALLE (ID_ACTA_DETALLE,ID_ACTA,ID_BIEN,ID_ESTADO) values ('22','4','21','27');
Insert into SIGEBI_OAF.SGB_ACTA_DETALLE (ID_ACTA_DETALLE,ID_ACTA,ID_BIEN,ID_ESTADO) values ('23','4','20','27');
Insert into SIGEBI_OAF.SGB_ACTA_DETALLE (ID_ACTA_DETALLE,ID_ACTA,ID_BIEN,ID_ESTADO) values ('25','6','22','27');
REM INSERTING into SIGEBI_OAF.SGB_ADJUNTO
SET DEFINE OFF;
Insert into SIGEBI_OAF.SGB_ADJUNTO (ID_ADJUNTO,ID_TIPO,DOCUMENTO,REFERENCIA,DETALLE,URL,ID_ESTADO) values ('14','33','32','4','Pruebas','upload/informesTecnicos/Desert.jpg','12');
Insert into SIGEBI_OAF.SGB_ADJUNTO (ID_ADJUNTO,ID_TIPO,DOCUMENTO,REFERENCIA,DETALLE,URL,ID_ESTADO) values ('9','18','18','1','Jellyfish.jpg','upload/informesTecnicos/Jellyfish.jpg','12');
Insert into SIGEBI_OAF.SGB_ADJUNTO (ID_ADJUNTO,ID_TIPO,DOCUMENTO,REFERENCIA,DETALLE,URL,ID_ESTADO) values ('17','33','32','3','Archivo de prueba','upload/informesTecnicos/Penguins.jpg','12');
Insert into SIGEBI_OAF.SGB_ADJUNTO (ID_ADJUNTO,ID_TIPO,DOCUMENTO,REFERENCIA,DETALLE,URL,ID_ESTADO) values ('13','33','32','1','Pruebas adjunto seq','upload/informesTecnicos/Desert.jpg','12');
REM INSERTING into SIGEBI_OAF.SGB_ADJUNTO_BIEN
SET DEFINE OFF;
Insert into SIGEBI_OAF.SGB_ADJUNTO_BIEN (ID_ADJUNTO_BIEN,ID_TIPO,ID_BIEN,DETALLE,URL,ID_ESTADO,TIPO_MIME,TAMANNO,EXTENSION,NOMBRE) values ('7','1','13',null,'C:\root\SIGEBI\build\web\upload\Chrysanthemum.jpg','1','image/jpeg','858','jpg','Chrysanthemum.jpg');
Insert into SIGEBI_OAF.SGB_ADJUNTO_BIEN (ID_ADJUNTO_BIEN,ID_TIPO,ID_BIEN,DETALLE,URL,ID_ESTADO,TIPO_MIME,TAMANNO,EXTENSION,NOMBRE) values ('12','1','1',null,'C:\root\SIGEBINew\build\web\upload\Desert.jpg','1','image/jpeg','826','jpg','Desert.jpg');
Insert into SIGEBI_OAF.SGB_ADJUNTO_BIEN (ID_ADJUNTO_BIEN,ID_TIPO,ID_BIEN,DETALLE,URL,ID_ESTADO,TIPO_MIME,TAMANNO,EXTENSION,NOMBRE) values ('16','1','24',null,'C:\root\SIGEBINew\build\web\upload\Lighthouse.jpg','1','image/jpeg','548','jpg','Lighthouse.jpg');
Insert into SIGEBI_OAF.SGB_ADJUNTO_BIEN (ID_ADJUNTO_BIEN,ID_TIPO,ID_BIEN,DETALLE,URL,ID_ESTADO,TIPO_MIME,TAMANNO,EXTENSION,NOMBRE) values ('6','1','5',null,'C:\SVN_SIGEBI\build\web\upload\jquery-ui-1.12.1.custom.zip','1','application/octet-stream','427','zip','jquery-ui-1.12.1.custom.zip');
Insert into SIGEBI_OAF.SGB_ADJUNTO_BIEN (ID_ADJUNTO_BIEN,ID_TIPO,ID_BIEN,DETALLE,URL,ID_ESTADO,TIPO_MIME,TAMANNO,EXTENSION,NOMBRE) values ('3','1','10','11.2 Kb','C:\SVN_SIGEBI\build\web\upload\Varios.ods','1','application/vnd.oasis.opendocument.spreadsheet','0','ods','Varios.ods');
Insert into SIGEBI_OAF.SGB_ADJUNTO_BIEN (ID_ADJUNTO_BIEN,ID_TIPO,ID_BIEN,DETALLE,URL,ID_ESTADO,TIPO_MIME,TAMANNO,EXTENSION,NOMBRE) values ('1','1','7',null,'C:\SVN_SIGEBI\build\web\upload\thumbnail.png','1','image/png','2','png','thumbnail.png');
Insert into SIGEBI_OAF.SGB_ADJUNTO_BIEN (ID_ADJUNTO_BIEN,ID_TIPO,ID_BIEN,DETALLE,URL,ID_ESTADO,TIPO_MIME,TAMANNO,EXTENSION,NOMBRE) values ('8','1','7',null,'C:\SIGEBI_V2\build\web\upload\ejemplo-logo1.png','1','image/png','4','png','ejemplo-logo1.png');
Insert into SIGEBI_OAF.SGB_ADJUNTO_BIEN (ID_ADJUNTO_BIEN,ID_TIPO,ID_BIEN,DETALLE,URL,ID_ESTADO,TIPO_MIME,TAMANNO,EXTENSION,NOMBRE) values ('13','1','14',null,'C:\root\SIGEBINew\build\web\upload\Hydrangeas.jpg','1','image/jpeg','581','jpg','Hydrangeas.jpg');
Insert into SIGEBI_OAF.SGB_ADJUNTO_BIEN (ID_ADJUNTO_BIEN,ID_TIPO,ID_BIEN,DETALLE,URL,ID_ESTADO,TIPO_MIME,TAMANNO,EXTENSION,NOMBRE) values ('9','1','10',null,'C:\SIGEBI_V2\build\web\upload\ejemplo-logo1.png','1','image/png','4','png','ejemplo-logo1.png');
Insert into SIGEBI_OAF.SGB_ADJUNTO_BIEN (ID_ADJUNTO_BIEN,ID_TIPO,ID_BIEN,DETALLE,URL,ID_ESTADO,TIPO_MIME,TAMANNO,EXTENSION,NOMBRE) values ('10','1','11',null,'C:\SIGEBI_V3\build\web\upload\thumbnail.png','1','image/png','47','png','thumbnail.png');
Insert into SIGEBI_OAF.SGB_ADJUNTO_BIEN (ID_ADJUNTO_BIEN,ID_TIPO,ID_BIEN,DETALLE,URL,ID_ESTADO,TIPO_MIME,TAMANNO,EXTENSION,NOMBRE) values ('15','1','25',null,'C:\root\SIGEBINew\build\web\upload\BDv2.dmd','1','application/octet-stream','0','dmd','BDv2.dmd');
Insert into SIGEBI_OAF.SGB_ADJUNTO_BIEN (ID_ADJUNTO_BIEN,ID_TIPO,ID_BIEN,DETALLE,URL,ID_ESTADO,TIPO_MIME,TAMANNO,EXTENSION,NOMBRE) values ('11','1','9',null,'C:\SIGEBI_V3\build\web\upload\jquery-ui-1.12.1.custom.zip','1','application/octet-stream','427','zip','jquery-ui-1.12.1.custom.zip');
Insert into SIGEBI_OAF.SGB_ADJUNTO_BIEN (ID_ADJUNTO_BIEN,ID_TIPO,ID_BIEN,DETALLE,URL,ID_ESTADO,TIPO_MIME,TAMANNO,EXTENSION,NOMBRE) values ('14','1','25',null,'C:\root\SIGEBINew\build\web\upload\Desert.jpg','1','image/jpeg','826','jpg','Desert.jpg');
REM INSERTING into SIGEBI_OAF.SGB_BIEN
SET DEFINE OFF;
Insert into SIGEBI_OAF.SGB_BIEN (ID_BIEN,DESCRIPCION,CANTIDAD,CODIGO_SUB_CATEGORIA,ID_SUB_CLASIFICACION,TIPO_BIEN,ORIGEN,NUM_UNIDAD_EJEC,PROVEEDOR,ID_MONEDA,COSTO,FECHA_ADQUISICION,ID_PERSONA,INICIO_GARANTIA,FIN_GARANTIA,DESCRIPCION_GARANTIA,ID_ESTADO,NUM_LOTE,CAPITALIZABLE,ID_UBICACION,DESCRIPCION_UBICACION,ESTADO_INTERNO,REFERENCIA,ID_IDENTIFICACION) values ('1','PRIMER BIEN REGISTRADO','1','021-165','1','1','1','1826','1','0','1',null,'1',null,null,null,'3',null,'0',null,null,null,null,'11');
Insert into SIGEBI_OAF.SGB_BIEN (ID_BIEN,DESCRIPCION,CANTIDAD,CODIGO_SUB_CATEGORIA,ID_SUB_CLASIFICACION,TIPO_BIEN,ORIGEN,NUM_UNIDAD_EJEC,PROVEEDOR,ID_MONEDA,COSTO,FECHA_ADQUISICION,ID_PERSONA,INICIO_GARANTIA,FIN_GARANTIA,DESCRIPCION_GARANTIA,ID_ESTADO,NUM_LOTE,CAPITALIZABLE,ID_UBICACION,DESCRIPCION_UBICACION,ESTADO_INTERNO,REFERENCIA,ID_IDENTIFICACION) values ('10','Motocicleta verde','1','021-165','4','2','6','1825','70','1','800000',to_date('07/10/17','DD/MM/RR'),'1',to_date('07/10/17','DD/MM/RR'),to_date('10/10/18','DD/MM/RR'),'GARANTIA DE UN AÑO','4',null,'1','1','OFICINAS CANTRALES',null,null,'4');
Insert into SIGEBI_OAF.SGB_BIEN (ID_BIEN,DESCRIPCION,CANTIDAD,CODIGO_SUB_CATEGORIA,ID_SUB_CLASIFICACION,TIPO_BIEN,ORIGEN,NUM_UNIDAD_EJEC,PROVEEDOR,ID_MONEDA,COSTO,FECHA_ADQUISICION,ID_PERSONA,INICIO_GARANTIA,FIN_GARANTIA,DESCRIPCION_GARANTIA,ID_ESTADO,NUM_LOTE,CAPITALIZABLE,ID_UBICACION,DESCRIPCION_UBICACION,ESTADO_INTERNO,REFERENCIA,ID_IDENTIFICACION) values ('20','Silla de Escritorio','1','021-104','7','1','6','1839','17297','1','70000',to_date('07/11/17','DD/MM/RR'),'1',null,null,null,'4',null,'0','2','LABORATORIO 3',null,null,'20');
Insert into SIGEBI_OAF.SGB_BIEN (ID_BIEN,DESCRIPCION,CANTIDAD,CODIGO_SUB_CATEGORIA,ID_SUB_CLASIFICACION,TIPO_BIEN,ORIGEN,NUM_UNIDAD_EJEC,PROVEEDOR,ID_MONEDA,COSTO,FECHA_ADQUISICION,ID_PERSONA,INICIO_GARANTIA,FIN_GARANTIA,DESCRIPCION_GARANTIA,ID_ESTADO,NUM_LOTE,CAPITALIZABLE,ID_UBICACION,DESCRIPCION_UBICACION,ESTADO_INTERNO,REFERENCIA,ID_IDENTIFICACION) values ('21','Impresora 3D','1','021-104','7','1','16','1825','17297','1','700000',to_date('07/11/17','DD/MM/RR'),'1',null,null,null,'3',null,'1',null,null,null,null,'10');
Insert into SIGEBI_OAF.SGB_BIEN (ID_BIEN,DESCRIPCION,CANTIDAD,CODIGO_SUB_CATEGORIA,ID_SUB_CLASIFICACION,TIPO_BIEN,ORIGEN,NUM_UNIDAD_EJEC,PROVEEDOR,ID_MONEDA,COSTO,FECHA_ADQUISICION,ID_PERSONA,INICIO_GARANTIA,FIN_GARANTIA,DESCRIPCION_GARANTIA,ID_ESTADO,NUM_LOTE,CAPITALIZABLE,ID_UBICACION,DESCRIPCION_UBICACION,ESTADO_INTERNO,REFERENCIA,ID_IDENTIFICACION) values ('15','test','1','021-165','4','2','6','1825','89','1','12000',to_date('04/11/17','DD/MM/RR'),'1',null,null,null,'4',null,'0','1','OFICINAS CENTRALES',null,null,'7');
Insert into SIGEBI_OAF.SGB_BIEN (ID_BIEN,DESCRIPCION,CANTIDAD,CODIGO_SUB_CATEGORIA,ID_SUB_CLASIFICACION,TIPO_BIEN,ORIGEN,NUM_UNIDAD_EJEC,PROVEEDOR,ID_MONEDA,COSTO,FECHA_ADQUISICION,ID_PERSONA,INICIO_GARANTIA,FIN_GARANTIA,DESCRIPCION_GARANTIA,ID_ESTADO,NUM_LOTE,CAPITALIZABLE,ID_UBICACION,DESCRIPCION_UBICACION,ESTADO_INTERNO,REFERENCIA,ID_IDENTIFICACION) values ('18','Escritorio para computadora','1','021-165','4','1','6','1839','41','1','20000',to_date('04/11/17','DD/MM/RR'),'1',null,null,null,'4',null,'0','1','OFICINAS CENTRALES',null,null,'19');
Insert into SIGEBI_OAF.SGB_BIEN (ID_BIEN,DESCRIPCION,CANTIDAD,CODIGO_SUB_CATEGORIA,ID_SUB_CLASIFICACION,TIPO_BIEN,ORIGEN,NUM_UNIDAD_EJEC,PROVEEDOR,ID_MONEDA,COSTO,FECHA_ADQUISICION,ID_PERSONA,INICIO_GARANTIA,FIN_GARANTIA,DESCRIPCION_GARANTIA,ID_ESTADO,NUM_LOTE,CAPITALIZABLE,ID_UBICACION,DESCRIPCION_UBICACION,ESTADO_INTERNO,REFERENCIA,ID_IDENTIFICACION) values ('19','TEST2','1','021-165','4','1','6','1825','29','1','500000',to_date('09/11/17','DD/MM/RR'),'1',null,null,null,'4',null,'1','1','OFICINAS CENTRALES',null,null,'9');
Insert into SIGEBI_OAF.SGB_BIEN (ID_BIEN,DESCRIPCION,CANTIDAD,CODIGO_SUB_CATEGORIA,ID_SUB_CLASIFICACION,TIPO_BIEN,ORIGEN,NUM_UNIDAD_EJEC,PROVEEDOR,ID_MONEDA,COSTO,FECHA_ADQUISICION,ID_PERSONA,INICIO_GARANTIA,FIN_GARANTIA,DESCRIPCION_GARANTIA,ID_ESTADO,NUM_LOTE,CAPITALIZABLE,ID_UBICACION,DESCRIPCION_UBICACION,ESTADO_INTERNO,REFERENCIA,ID_IDENTIFICACION) values ('22','COMPUTADORA','1','021-165','4','1','6','1825','91','1','300000',to_date('02/11/17','DD/MM/RR'),'1',null,null,null,'3',null,'1',null,null,null,null,'21');
Insert into SIGEBI_OAF.SGB_BIEN (ID_BIEN,DESCRIPCION,CANTIDAD,CODIGO_SUB_CATEGORIA,ID_SUB_CLASIFICACION,TIPO_BIEN,ORIGEN,NUM_UNIDAD_EJEC,PROVEEDOR,ID_MONEDA,COSTO,FECHA_ADQUISICION,ID_PERSONA,INICIO_GARANTIA,FIN_GARANTIA,DESCRIPCION_GARANTIA,ID_ESTADO,NUM_LOTE,CAPITALIZABLE,ID_UBICACION,DESCRIPCION_UBICACION,ESTADO_INTERNO,REFERENCIA,ID_IDENTIFICACION) values ('26','Prueba ','1','021-165','4','1','6','1826','91','1','15000',to_date('03/12/17','DD/MM/RR'),'1',null,null,null,'2',null,'0','1','OFICINAS CENTRALES',null,null,'25');
Insert into SIGEBI_OAF.SGB_BIEN (ID_BIEN,DESCRIPCION,CANTIDAD,CODIGO_SUB_CATEGORIA,ID_SUB_CLASIFICACION,TIPO_BIEN,ORIGEN,NUM_UNIDAD_EJEC,PROVEEDOR,ID_MONEDA,COSTO,FECHA_ADQUISICION,ID_PERSONA,INICIO_GARANTIA,FIN_GARANTIA,DESCRIPCION_GARANTIA,ID_ESTADO,NUM_LOTE,CAPITALIZABLE,ID_UBICACION,DESCRIPCION_UBICACION,ESTADO_INTERNO,REFERENCIA,ID_IDENTIFICACION) values ('2','Descripción Bien 2','1','021-165','1','1','1','1826','1','1','150000',null,'1',null,null,null,'3',null,'0',null,null,null,null,'12');
Insert into SIGEBI_OAF.SGB_BIEN (ID_BIEN,DESCRIPCION,CANTIDAD,CODIGO_SUB_CATEGORIA,ID_SUB_CLASIFICACION,TIPO_BIEN,ORIGEN,NUM_UNIDAD_EJEC,PROVEEDOR,ID_MONEDA,COSTO,FECHA_ADQUISICION,ID_PERSONA,INICIO_GARANTIA,FIN_GARANTIA,DESCRIPCION_GARANTIA,ID_ESTADO,NUM_LOTE,CAPITALIZABLE,ID_UBICACION,DESCRIPCION_UBICACION,ESTADO_INTERNO,REFERENCIA,ID_IDENTIFICACION) values ('13','Bien - Pruebas Sincronizacion - No Tocar','1','021-104','7','2','6','1826','89','1','250000',to_date('01/11/17','DD/MM/RR'),'1',to_date('01/11/17','DD/MM/RR'),to_date('16/11/19','DD/MM/RR'),null,'3',null,'1','2','LABORATORIO 3',null,null,'1');
Insert into SIGEBI_OAF.SGB_BIEN (ID_BIEN,DESCRIPCION,CANTIDAD,CODIGO_SUB_CATEGORIA,ID_SUB_CLASIFICACION,TIPO_BIEN,ORIGEN,NUM_UNIDAD_EJEC,PROVEEDOR,ID_MONEDA,COSTO,FECHA_ADQUISICION,ID_PERSONA,INICIO_GARANTIA,FIN_GARANTIA,DESCRIPCION_GARANTIA,ID_ESTADO,NUM_LOTE,CAPITALIZABLE,ID_UBICACION,DESCRIPCION_UBICACION,ESTADO_INTERNO,REFERENCIA,ID_IDENTIFICACION) values ('14','Bien - Pruebas Sincronizacion - No Tocar','1','021-165','4','2','6','1826','41','1','25000',to_date('01/11/17','DD/MM/RR'),'1',null,null,null,'2',null,'0','2','LABORATORIO 3',null,null,'2');
Insert into SIGEBI_OAF.SGB_BIEN (ID_BIEN,DESCRIPCION,CANTIDAD,CODIGO_SUB_CATEGORIA,ID_SUB_CLASIFICACION,TIPO_BIEN,ORIGEN,NUM_UNIDAD_EJEC,PROVEEDOR,ID_MONEDA,COSTO,FECHA_ADQUISICION,ID_PERSONA,INICIO_GARANTIA,FIN_GARANTIA,DESCRIPCION_GARANTIA,ID_ESTADO,NUM_LOTE,CAPITALIZABLE,ID_UBICACION,DESCRIPCION_UBICACION,ESTADO_INTERNO,REFERENCIA,ID_IDENTIFICACION) values ('5','Registro de bien Unidad Rodrigo Facio','50','021-165','4','2','6','1825','1','1','500000',to_date('06/12/17','DD/MM/RR'),'1',to_date('01/10/16','DD/MM/RR'),to_date('17/10/17','DD/MM/RR'),'DESCRIPCIÓN DE GARANTÍA','4','PUPIT','1','1','OFICINAS CENTRALES',null,null,'13');
Insert into SIGEBI_OAF.SGB_BIEN (ID_BIEN,DESCRIPCION,CANTIDAD,CODIGO_SUB_CATEGORIA,ID_SUB_CLASIFICACION,TIPO_BIEN,ORIGEN,NUM_UNIDAD_EJEC,PROVEEDOR,ID_MONEDA,COSTO,FECHA_ADQUISICION,ID_PERSONA,INICIO_GARANTIA,FIN_GARANTIA,DESCRIPCION_GARANTIA,ID_ESTADO,NUM_LOTE,CAPITALIZABLE,ID_UBICACION,DESCRIPCION_UBICACION,ESTADO_INTERNO,REFERENCIA,ID_IDENTIFICACION) values ('6','Registro de bien Unidad Rodrigo Facio','45','021-165','1','2','2','1826','1','1','500000',null,'1',null,null,null,'3',null,'0',null,null,null,null,'14');
Insert into SIGEBI_OAF.SGB_BIEN (ID_BIEN,DESCRIPCION,CANTIDAD,CODIGO_SUB_CATEGORIA,ID_SUB_CLASIFICACION,TIPO_BIEN,ORIGEN,NUM_UNIDAD_EJEC,PROVEEDOR,ID_MONEDA,COSTO,FECHA_ADQUISICION,ID_PERSONA,INICIO_GARANTIA,FIN_GARANTIA,DESCRIPCION_GARANTIA,ID_ESTADO,NUM_LOTE,CAPITALIZABLE,ID_UBICACION,DESCRIPCION_UBICACION,ESTADO_INTERNO,REFERENCIA,ID_IDENTIFICACION) values ('7','CARRO PICK UP','1','021-165','5','1','8','1839','22','1','7000000',to_date('07/11/17','DD/MM/RR'),'1',to_date('01/10/16','DD/MM/RR'),to_date('17/10/17','DD/MM/RR'),'Registro de garantía','4','PUPIT','1','2','LABORATORIO 3',null,null,'15');
Insert into SIGEBI_OAF.SGB_BIEN (ID_BIEN,DESCRIPCION,CANTIDAD,CODIGO_SUB_CATEGORIA,ID_SUB_CLASIFICACION,TIPO_BIEN,ORIGEN,NUM_UNIDAD_EJEC,PROVEEDOR,ID_MONEDA,COSTO,FECHA_ADQUISICION,ID_PERSONA,INICIO_GARANTIA,FIN_GARANTIA,DESCRIPCION_GARANTIA,ID_ESTADO,NUM_LOTE,CAPITALIZABLE,ID_UBICACION,DESCRIPCION_UBICACION,ESTADO_INTERNO,REFERENCIA,ID_IDENTIFICACION) values ('8','Impresora Laser','1','021-165','1','2','1','1836','1','1','7500000',null,'1',null,null,null,'2',null,'0',null,null,null,null,'16');
Insert into SIGEBI_OAF.SGB_BIEN (ID_BIEN,DESCRIPCION,CANTIDAD,CODIGO_SUB_CATEGORIA,ID_SUB_CLASIFICACION,TIPO_BIEN,ORIGEN,NUM_UNIDAD_EJEC,PROVEEDOR,ID_MONEDA,COSTO,FECHA_ADQUISICION,ID_PERSONA,INICIO_GARANTIA,FIN_GARANTIA,DESCRIPCION_GARANTIA,ID_ESTADO,NUM_LOTE,CAPITALIZABLE,ID_UBICACION,DESCRIPCION_UBICACION,ESTADO_INTERNO,REFERENCIA,ID_IDENTIFICACION) values ('9','CARRO PICK UP','1','021-165','5','1','8','1825','22','1','7000000',to_date('07/11/17','DD/MM/RR'),'1',to_date('01/10/16','DD/MM/RR'),to_date('17/10/17','DD/MM/RR'),'Registro de garantía','4','PUPIT','1','2','LABORATORIO 3',null,null,'3');
Insert into SIGEBI_OAF.SGB_BIEN (ID_BIEN,DESCRIPCION,CANTIDAD,CODIGO_SUB_CATEGORIA,ID_SUB_CLASIFICACION,TIPO_BIEN,ORIGEN,NUM_UNIDAD_EJEC,PROVEEDOR,ID_MONEDA,COSTO,FECHA_ADQUISICION,ID_PERSONA,INICIO_GARANTIA,FIN_GARANTIA,DESCRIPCION_GARANTIA,ID_ESTADO,NUM_LOTE,CAPITALIZABLE,ID_UBICACION,DESCRIPCION_UBICACION,ESTADO_INTERNO,REFERENCIA,ID_IDENTIFICACION) values ('11','Computadora Dell','43','021-165','4','2','6','1825','25','1','700000',to_date('01/10/17','DD/MM/RR'),'1',to_date('01/10/17','DD/MM/RR'),to_date('30/09/18','DD/MM/RR'),'Garantía de 1 año.','3','SILLA','1','2','LABORATORIO 3',null,null,'5');
Insert into SIGEBI_OAF.SGB_BIEN (ID_BIEN,DESCRIPCION,CANTIDAD,CODIGO_SUB_CATEGORIA,ID_SUB_CLASIFICACION,TIPO_BIEN,ORIGEN,NUM_UNIDAD_EJEC,PROVEEDOR,ID_MONEDA,COSTO,FECHA_ADQUISICION,ID_PERSONA,INICIO_GARANTIA,FIN_GARANTIA,DESCRIPCION_GARANTIA,ID_ESTADO,NUM_LOTE,CAPITALIZABLE,ID_UBICACION,DESCRIPCION_UBICACION,ESTADO_INTERNO,REFERENCIA,ID_IDENTIFICACION) values ('12','Celular','1','021-165','5','1','8','1825','41','1','300000',to_date('04/10/17','DD/MM/RR'),'1',null,null,null,'4',null,'1','1','OFICINAS CANTRALES',null,null,'6');
Insert into SIGEBI_OAF.SGB_BIEN (ID_BIEN,DESCRIPCION,CANTIDAD,CODIGO_SUB_CATEGORIA,ID_SUB_CLASIFICACION,TIPO_BIEN,ORIGEN,NUM_UNIDAD_EJEC,PROVEEDOR,ID_MONEDA,COSTO,FECHA_ADQUISICION,ID_PERSONA,INICIO_GARANTIA,FIN_GARANTIA,DESCRIPCION_GARANTIA,ID_ESTADO,NUM_LOTE,CAPITALIZABLE,ID_UBICACION,DESCRIPCION_UBICACION,ESTADO_INTERNO,REFERENCIA,ID_IDENTIFICACION) values ('23','test','1','021-165','4','2','6','1825','89','1','30000',to_date('03/11/17','DD/MM/RR'),'1',null,null,null,'3',null,'0','1','OFICINAS CENTRALES',null,null,'22');
Insert into SIGEBI_OAF.SGB_BIEN (ID_BIEN,DESCRIPCION,CANTIDAD,CODIGO_SUB_CATEGORIA,ID_SUB_CLASIFICACION,TIPO_BIEN,ORIGEN,NUM_UNIDAD_EJEC,PROVEEDOR,ID_MONEDA,COSTO,FECHA_ADQUISICION,ID_PERSONA,INICIO_GARANTIA,FIN_GARANTIA,DESCRIPCION_GARANTIA,ID_ESTADO,NUM_LOTE,CAPITALIZABLE,ID_UBICACION,DESCRIPCION_UBICACION,ESTADO_INTERNO,REFERENCIA,ID_IDENTIFICACION) values ('24','Bien Activo 1 Informe Tecnico','1','021-165','4','2','6','1826','1','1','25000',to_date('30/11/17','DD/MM/RR'),'1',null,null,null,'2',null,'0','1','OFICINAS CENTRALES',null,null,'23');
Insert into SIGEBI_OAF.SGB_BIEN (ID_BIEN,DESCRIPCION,CANTIDAD,CODIGO_SUB_CATEGORIA,ID_SUB_CLASIFICACION,TIPO_BIEN,ORIGEN,NUM_UNIDAD_EJEC,PROVEEDOR,ID_MONEDA,COSTO,FECHA_ADQUISICION,ID_PERSONA,INICIO_GARANTIA,FIN_GARANTIA,DESCRIPCION_GARANTIA,ID_ESTADO,NUM_LOTE,CAPITALIZABLE,ID_UBICACION,DESCRIPCION_UBICACION,ESTADO_INTERNO,REFERENCIA,ID_IDENTIFICACION) values ('4','Registro bien 4','45','021-165','1','1','2','1826','1','1','250000',null,'1',null,null,null,'2',null,'0',null,null,null,null,'17');
Insert into SIGEBI_OAF.SGB_BIEN (ID_BIEN,DESCRIPCION,CANTIDAD,CODIGO_SUB_CATEGORIA,ID_SUB_CLASIFICACION,TIPO_BIEN,ORIGEN,NUM_UNIDAD_EJEC,PROVEEDOR,ID_MONEDA,COSTO,FECHA_ADQUISICION,ID_PERSONA,INICIO_GARANTIA,FIN_GARANTIA,DESCRIPCION_GARANTIA,ID_ESTADO,NUM_LOTE,CAPITALIZABLE,ID_UBICACION,DESCRIPCION_UBICACION,ESTADO_INTERNO,REFERENCIA,ID_IDENTIFICACION) values ('16','Escritorio de Oficina','1','021-165','4','2','6','1825','153388','1','30000',to_date('05/11/17','DD/MM/RR'),'1',null,null,null,'4',null,'0','1','OFICINAS CENTRALES',null,null,'18');
Insert into SIGEBI_OAF.SGB_BIEN (ID_BIEN,DESCRIPCION,CANTIDAD,CODIGO_SUB_CATEGORIA,ID_SUB_CLASIFICACION,TIPO_BIEN,ORIGEN,NUM_UNIDAD_EJEC,PROVEEDOR,ID_MONEDA,COSTO,FECHA_ADQUISICION,ID_PERSONA,INICIO_GARANTIA,FIN_GARANTIA,DESCRIPCION_GARANTIA,ID_ESTADO,NUM_LOTE,CAPITALIZABLE,ID_UBICACION,DESCRIPCION_UBICACION,ESTADO_INTERNO,REFERENCIA,ID_IDENTIFICACION) values ('17','MUESTREO SANGRE','1','021-165','4','1','6','1825','91','1','1500000',to_date('05/11/17','DD/MM/RR'),'1',null,null,null,'4',null,'1','2','LABORATORIO 3',null,null,'8');
Insert into SIGEBI_OAF.SGB_BIEN (ID_BIEN,DESCRIPCION,CANTIDAD,CODIGO_SUB_CATEGORIA,ID_SUB_CLASIFICACION,TIPO_BIEN,ORIGEN,NUM_UNIDAD_EJEC,PROVEEDOR,ID_MONEDA,COSTO,FECHA_ADQUISICION,ID_PERSONA,INICIO_GARANTIA,FIN_GARANTIA,DESCRIPCION_GARANTIA,ID_ESTADO,NUM_LOTE,CAPITALIZABLE,ID_UBICACION,DESCRIPCION_UBICACION,ESTADO_INTERNO,REFERENCIA,ID_IDENTIFICACION) values ('25','Bien Activo 2 Informe Tecnico','1','021-165','4','2','6','1826','89','1','10',to_date('01/11/17','DD/MM/RR'),'1',null,null,null,'2',null,'0','1','OFICINAS CENTRALES',null,null,'24');
REM INSERTING into SIGEBI_OAF.SGB_BIEN_PRESTADO
SET DEFINE OFF;
REM INSERTING into SIGEBI_OAF.SGB_BIEN_UBICACION
SET DEFINE OFF;
REM INSERTING into SIGEBI_OAF.SGB_BITACORA
SET DEFINE OFF;
REM INSERTING into SIGEBI_OAF.SGB_BITACORA_MOVIMIENTO
SET DEFINE OFF;
REM INSERTING into SIGEBI_OAF.SGB_BITACORA_RESPONSABLE
SET DEFINE OFF;
REM INSERTING into SIGEBI_OAF.SGB_CIUDAD
SET DEFINE OFF;
REM INSERTING into SIGEBI_OAF.SGB_CLASIFICACION
SET DEFINE OFF;
Insert into SIGEBI_OAF.SGB_CLASIFICACION (ID_CLASIFICACION,NOMBRE,CODIGO_SUB_CATEGORIA,ID_ESTADO) values ('1','CLASIFICACION 1','CODIGO SUB CATEGORIA','1');
Insert into SIGEBI_OAF.SGB_CLASIFICACION (ID_CLASIFICACION,NOMBRE,CODIGO_SUB_CATEGORIA,ID_ESTADO) values ('2','CLASIFICACIÓN 1 - INSTITUTO CLODOMIRO','165','1');
Insert into SIGEBI_OAF.SGB_CLASIFICACION (ID_CLASIFICACION,NOMBRE,CODIGO_SUB_CATEGORIA,ID_ESTADO) values ('3','CLASIFICACIÓN 2 - INSTITUTO CLODOMIRO','165','1');
Insert into SIGEBI_OAF.SGB_CLASIFICACION (ID_CLASIFICACION,NOMBRE,CODIGO_SUB_CATEGORIA,ID_ESTADO) values ('4','CLASIFICACIÓN 4 - SILLAS','104','1');
Insert into SIGEBI_OAF.SGB_CLASIFICACION (ID_CLASIFICACION,NOMBRE,CODIGO_SUB_CATEGORIA,ID_ESTADO) values ('5','CLASIFICACIÓN 5 - SILLAS','104','1');
Insert into SIGEBI_OAF.SGB_CLASIFICACION (ID_CLASIFICACION,NOMBRE,CODIGO_SUB_CATEGORIA,ID_ESTADO) values ('6','CLASIFICACIÓN 6 - LIBROS DIGITALES','410','1');
Insert into SIGEBI_OAF.SGB_CLASIFICACION (ID_CLASIFICACION,NOMBRE,CODIGO_SUB_CATEGORIA,ID_ESTADO) values ('7','CLASIFICACIÓN 7 - LIB','410','1');
Insert into SIGEBI_OAF.SGB_CLASIFICACION (ID_CLASIFICACION,NOMBRE,CODIGO_SUB_CATEGORIA,ID_ESTADO) values ('8','CLASIFICACIÓN - DERECHOS DE AUT','411','1');
Insert into SIGEBI_OAF.SGB_CLASIFICACION (ID_CLASIFICACION,NOMBRE,CODIGO_SUB_CATEGORIA,ID_ESTADO) values ('9','DIGITALES','411','1');
REM INSERTING into SIGEBI_OAF.SGB_CONVENIO
SET DEFINE OFF;
REM INSERTING into SIGEBI_OAF.SGB_COSTO
SET DEFINE OFF;
REM INSERTING into SIGEBI_OAF.SGB_DATO_BIEN
SET DEFINE OFF;
Insert into SIGEBI_OAF.SGB_DATO_BIEN (ID_DATO_BIEN,ID_TIPO,ID_BIEN,DETALLE,ID_ESTADO) values ('12','3','10','SERPENTO','1');
Insert into SIGEBI_OAF.SGB_DATO_BIEN (ID_DATO_BIEN,ID_TIPO,ID_BIEN,DETALLE,ID_ESTADO) values ('27','4','16','2233323','1');
Insert into SIGEBI_OAF.SGB_DATO_BIEN (ID_DATO_BIEN,ID_TIPO,ID_BIEN,DETALLE,ID_ESTADO) values ('28','3','21','XENON','1');
Insert into SIGEBI_OAF.SGB_DATO_BIEN (ID_DATO_BIEN,ID_TIPO,ID_BIEN,DETALLE,ID_ESTADO) values ('2','5','7','1234562DSDSS','1');
Insert into SIGEBI_OAF.SGB_DATO_BIEN (ID_DATO_BIEN,ID_TIPO,ID_BIEN,DETALLE,ID_ESTADO) values ('4','4','7','Super print','1');
Insert into SIGEBI_OAF.SGB_DATO_BIEN (ID_DATO_BIEN,ID_TIPO,ID_BIEN,DETALLE,ID_ESTADO) values ('5','4','5','ANALOGICO MODIF','1');
Insert into SIGEBI_OAF.SGB_DATO_BIEN (ID_DATO_BIEN,ID_TIPO,ID_BIEN,DETALLE,ID_ESTADO) values ('11','3','11','Dell_Laptop','1');
Insert into SIGEBI_OAF.SGB_DATO_BIEN (ID_DATO_BIEN,ID_TIPO,ID_BIEN,DETALLE,ID_ESTADO) values ('13','3','9','NISAN','1');
Insert into SIGEBI_OAF.SGB_DATO_BIEN (ID_DATO_BIEN,ID_TIPO,ID_BIEN,DETALLE,ID_ESTADO) values ('14','3','12','Samsung','1');
Insert into SIGEBI_OAF.SGB_DATO_BIEN (ID_DATO_BIEN,ID_TIPO,ID_BIEN,DETALLE,ID_ESTADO) values ('15','4','11','XPS Laptop','1');
Insert into SIGEBI_OAF.SGB_DATO_BIEN (ID_DATO_BIEN,ID_TIPO,ID_BIEN,DETALLE,ID_ESTADO) values ('19','4','13','Xe343','1');
Insert into SIGEBI_OAF.SGB_DATO_BIEN (ID_DATO_BIEN,ID_TIPO,ID_BIEN,DETALLE,ID_ESTADO) values ('20','5','13','12122334343','1');
Insert into SIGEBI_OAF.SGB_DATO_BIEN (ID_DATO_BIEN,ID_TIPO,ID_BIEN,DETALLE,ID_ESTADO) values ('21','3','13','Tifon','1');
Insert into SIGEBI_OAF.SGB_DATO_BIEN (ID_DATO_BIEN,ID_TIPO,ID_BIEN,DETALLE,ID_ESTADO) values ('22','3','14','Tifon','1');
Insert into SIGEBI_OAF.SGB_DATO_BIEN (ID_DATO_BIEN,ID_TIPO,ID_BIEN,DETALLE,ID_ESTADO) values ('23','4','14','xxfdffdf','1');
Insert into SIGEBI_OAF.SGB_DATO_BIEN (ID_DATO_BIEN,ID_TIPO,ID_BIEN,DETALLE,ID_ESTADO) values ('24','5','14','1234454465','1');
Insert into SIGEBI_OAF.SGB_DATO_BIEN (ID_DATO_BIEN,ID_TIPO,ID_BIEN,DETALLE,ID_ESTADO) values ('25','4','9','pRUEBAS','1');
Insert into SIGEBI_OAF.SGB_DATO_BIEN (ID_DATO_BIEN,ID_TIPO,ID_BIEN,DETALLE,ID_ESTADO) values ('26','5','9','RT 125600','1');
Insert into SIGEBI_OAF.SGB_DATO_BIEN (ID_DATO_BIEN,ID_TIPO,ID_BIEN,DETALLE,ID_ESTADO) values ('1','1','5','test','1');
Insert into SIGEBI_OAF.SGB_DATO_BIEN (ID_DATO_BIEN,ID_TIPO,ID_BIEN,DETALLE,ID_ESTADO) values ('7','4','10','Modelo 2017','1');
Insert into SIGEBI_OAF.SGB_DATO_BIEN (ID_DATO_BIEN,ID_TIPO,ID_BIEN,DETALLE,ID_ESTADO) values ('8','5','10','SERP000888','1');
Insert into SIGEBI_OAF.SGB_DATO_BIEN (ID_DATO_BIEN,ID_TIPO,ID_BIEN,DETALLE,ID_ESTADO) values ('18','3','4','toyota-1','1');
Insert into SIGEBI_OAF.SGB_DATO_BIEN (ID_DATO_BIEN,ID_TIPO,ID_BIEN,DETALLE,ID_ESTADO) values ('16','5','4','2017 pruebas','1');
Insert into SIGEBI_OAF.SGB_DATO_BIEN (ID_DATO_BIEN,ID_TIPO,ID_BIEN,DETALLE,ID_ESTADO) values ('9','3','5','Haier TV 2.0','1');
Insert into SIGEBI_OAF.SGB_DATO_BIEN (ID_DATO_BIEN,ID_TIPO,ID_BIEN,DETALLE,ID_ESTADO) values ('17','4','4','TR02017','1');
REM INSERTING into SIGEBI_OAF.SGB_DOCUMENTO
SET DEFINE OFF;
Insert into SIGEBI_OAF.SGB_DOCUMENTO (ID_DOCUMENTO,PROCESO,NOMBRE,ORDEN,DETALLE,ID_ESTADO) values ('1','24','Informe de exclusion','1','Informe de exclusion','12');
Insert into SIGEBI_OAF.SGB_DOCUMENTO (ID_DOCUMENTO,PROCESO,NOMBRE,ORDEN,DETALLE,ID_ESTADO) values ('2','24','Acta Desecho','2','Acta de desecho','12');
Insert into SIGEBI_OAF.SGB_DOCUMENTO (ID_DOCUMENTO,PROCESO,NOMBRE,ORDEN,DETALLE,ID_ESTADO) values ('34','34','ENVIAR','1','ENVÍA BIENES A OTRAS UNIDADES EJECUTORAS','12');
Insert into SIGEBI_OAF.SGB_DOCUMENTO (ID_DOCUMENTO,PROCESO,NOMBRE,ORDEN,DETALLE,ID_ESTADO) values ('35','34','RECIBIR','2','RECIBE BIENES DE OTRAS UNIDADES EJECUTORAS','12');
Insert into SIGEBI_OAF.SGB_DOCUMENTO (ID_DOCUMENTO,PROCESO,NOMBRE,ORDEN,DETALLE,ID_ESTADO) values ('28','25','Acta Donación','2','Rol Donación Actas','12');
Insert into SIGEBI_OAF.SGB_DOCUMENTO (ID_DOCUMENTO,PROCESO,NOMBRE,ORDEN,DETALLE,ID_ESTADO) values ('38','23','Informe tecnico','1','Documento para incluir recomendaciones tecnicas','12');
Insert into SIGEBI_OAF.SGB_DOCUMENTO (ID_DOCUMENTO,PROCESO,NOMBRE,ORDEN,DETALLE,ID_ESTADO) values ('36','24','Informe tecnico','3','Documento para incluir recomendaciones tecnicas','12');
Insert into SIGEBI_OAF.SGB_DOCUMENTO (ID_DOCUMENTO,PROCESO,NOMBRE,ORDEN,DETALLE,ID_ESTADO) values ('37','25','Informe tecnico','1','Documento para incluir recomendaciones tecnicas','12');
Insert into SIGEBI_OAF.SGB_DOCUMENTO (ID_DOCUMENTO,PROCESO,NOMBRE,ORDEN,DETALLE,ID_ESTADO) values ('39','23','Acta de desecho','2','Documento para incluir acta de desecho','12');
REM INSERTING into SIGEBI_OAF.SGB_DOCUMENTO_ROL
SET DEFINE OFF;
Insert into SIGEBI_OAF.SGB_DOCUMENTO_ROL (ID_DOCUMENTO,ID_ROL) values ('1','1');
Insert into SIGEBI_OAF.SGB_DOCUMENTO_ROL (ID_DOCUMENTO,ID_ROL) values ('1','3');
Insert into SIGEBI_OAF.SGB_DOCUMENTO_ROL (ID_DOCUMENTO,ID_ROL) values ('2','1');
Insert into SIGEBI_OAF.SGB_DOCUMENTO_ROL (ID_DOCUMENTO,ID_ROL) values ('2','2');
Insert into SIGEBI_OAF.SGB_DOCUMENTO_ROL (ID_DOCUMENTO,ID_ROL) values ('2','3');
Insert into SIGEBI_OAF.SGB_DOCUMENTO_ROL (ID_DOCUMENTO,ID_ROL) values ('28','1');
Insert into SIGEBI_OAF.SGB_DOCUMENTO_ROL (ID_DOCUMENTO,ID_ROL) values ('28','3');
Insert into SIGEBI_OAF.SGB_DOCUMENTO_ROL (ID_DOCUMENTO,ID_ROL) values ('28','217');
Insert into SIGEBI_OAF.SGB_DOCUMENTO_ROL (ID_DOCUMENTO,ID_ROL) values ('34','1');
Insert into SIGEBI_OAF.SGB_DOCUMENTO_ROL (ID_DOCUMENTO,ID_ROL) values ('34','217');
Insert into SIGEBI_OAF.SGB_DOCUMENTO_ROL (ID_DOCUMENTO,ID_ROL) values ('35','1');
Insert into SIGEBI_OAF.SGB_DOCUMENTO_ROL (ID_DOCUMENTO,ID_ROL) values ('35','217');
Insert into SIGEBI_OAF.SGB_DOCUMENTO_ROL (ID_DOCUMENTO,ID_ROL) values ('37','2');
Insert into SIGEBI_OAF.SGB_DOCUMENTO_ROL (ID_DOCUMENTO,ID_ROL) values ('38','2');
REM INSERTING into SIGEBI_OAF.SGB_DOCUMENTO_ROL_ESTADO
SET DEFINE OFF;
Insert into SIGEBI_OAF.SGB_DOCUMENTO_ROL_ESTADO (ID_DOCUMENTO_ROL_ESTADO,ID_DOCUMENTO,ID_ROL,ID_ESTADO,FECHA_HORA,ID_USUARIO,ID_REFERENCIA) values ('1','1','1','9',null,null,'1');
Insert into SIGEBI_OAF.SGB_DOCUMENTO_ROL_ESTADO (ID_DOCUMENTO_ROL_ESTADO,ID_DOCUMENTO,ID_ROL,ID_ESTADO,FECHA_HORA,ID_USUARIO,ID_REFERENCIA) values ('2','1','2','9',null,null,'1');
Insert into SIGEBI_OAF.SGB_DOCUMENTO_ROL_ESTADO (ID_DOCUMENTO_ROL_ESTADO,ID_DOCUMENTO,ID_ROL,ID_ESTADO,FECHA_HORA,ID_USUARIO,ID_REFERENCIA) values ('3','1','3','9',null,null,'1');
Insert into SIGEBI_OAF.SGB_DOCUMENTO_ROL_ESTADO (ID_DOCUMENTO_ROL_ESTADO,ID_DOCUMENTO,ID_ROL,ID_ESTADO,FECHA_HORA,ID_USUARIO,ID_REFERENCIA) values ('4','1','1','9',null,null,'2');
Insert into SIGEBI_OAF.SGB_DOCUMENTO_ROL_ESTADO (ID_DOCUMENTO_ROL_ESTADO,ID_DOCUMENTO,ID_ROL,ID_ESTADO,FECHA_HORA,ID_USUARIO,ID_REFERENCIA) values ('5','1','2','9',null,null,'2');
Insert into SIGEBI_OAF.SGB_DOCUMENTO_ROL_ESTADO (ID_DOCUMENTO_ROL_ESTADO,ID_DOCUMENTO,ID_ROL,ID_ESTADO,FECHA_HORA,ID_USUARIO,ID_REFERENCIA) values ('6','1','3','9',null,null,'2');
Insert into SIGEBI_OAF.SGB_DOCUMENTO_ROL_ESTADO (ID_DOCUMENTO_ROL_ESTADO,ID_DOCUMENTO,ID_ROL,ID_ESTADO,FECHA_HORA,ID_USUARIO,ID_REFERENCIA) values ('7','1','1','10',to_timestamp('11/12/17 12:00:00,000000000 AM','DD/MM/RR HH12:MI:SSXFF AM'),'pruebas04','3');
Insert into SIGEBI_OAF.SGB_DOCUMENTO_ROL_ESTADO (ID_DOCUMENTO_ROL_ESTADO,ID_DOCUMENTO,ID_ROL,ID_ESTADO,FECHA_HORA,ID_USUARIO,ID_REFERENCIA) values ('8','1','2','10',to_timestamp('11/12/17 12:00:00,000000000 AM','DD/MM/RR HH12:MI:SSXFF AM'),'pruebas04','3');
Insert into SIGEBI_OAF.SGB_DOCUMENTO_ROL_ESTADO (ID_DOCUMENTO_ROL_ESTADO,ID_DOCUMENTO,ID_ROL,ID_ESTADO,FECHA_HORA,ID_USUARIO,ID_REFERENCIA) values ('9','1','3','10',to_timestamp('11/12/17 12:00:00,000000000 AM','DD/MM/RR HH12:MI:SSXFF AM'),'pruebas04','3');
Insert into SIGEBI_OAF.SGB_DOCUMENTO_ROL_ESTADO (ID_DOCUMENTO_ROL_ESTADO,ID_DOCUMENTO,ID_ROL,ID_ESTADO,FECHA_HORA,ID_USUARIO,ID_REFERENCIA) values ('10','1','1','11',to_timestamp('11/12/17 12:00:00,000000000 AM','DD/MM/RR HH12:MI:SSXFF AM'),'pruebas04','4');
Insert into SIGEBI_OAF.SGB_DOCUMENTO_ROL_ESTADO (ID_DOCUMENTO_ROL_ESTADO,ID_DOCUMENTO,ID_ROL,ID_ESTADO,FECHA_HORA,ID_USUARIO,ID_REFERENCIA) values ('11','1','2','9',null,null,'4');
Insert into SIGEBI_OAF.SGB_DOCUMENTO_ROL_ESTADO (ID_DOCUMENTO_ROL_ESTADO,ID_DOCUMENTO,ID_ROL,ID_ESTADO,FECHA_HORA,ID_USUARIO,ID_REFERENCIA) values ('13','28','3','25',to_timestamp('30/12/17 12:00:00,000000000 AM','DD/MM/RR HH12:MI:SSXFF AM'),'pruebas04','3');
Insert into SIGEBI_OAF.SGB_DOCUMENTO_ROL_ESTADO (ID_DOCUMENTO_ROL_ESTADO,ID_DOCUMENTO,ID_ROL,ID_ESTADO,FECHA_HORA,ID_USUARIO,ID_REFERENCIA) values ('12','1','3','10',to_timestamp('11/12/17 12:00:00,000000000 AM','DD/MM/RR HH12:MI:SSXFF AM'),'pruebas04','4');
Insert into SIGEBI_OAF.SGB_DOCUMENTO_ROL_ESTADO (ID_DOCUMENTO_ROL_ESTADO,ID_DOCUMENTO,ID_ROL,ID_ESTADO,FECHA_HORA,ID_USUARIO,ID_REFERENCIA) values ('14','28','217','25',to_timestamp('30/12/17 12:00:00,000000000 AM','DD/MM/RR HH12:MI:SSXFF AM'),'pruebas04','3');
Insert into SIGEBI_OAF.SGB_DOCUMENTO_ROL_ESTADO (ID_DOCUMENTO_ROL_ESTADO,ID_DOCUMENTO,ID_ROL,ID_ESTADO,FECHA_HORA,ID_USUARIO,ID_REFERENCIA) values ('19','2','1','25',to_timestamp('15/01/18 12:00:00,000000000 AM','DD/MM/RR HH12:MI:SSXFF AM'),'pruebas04','7');
Insert into SIGEBI_OAF.SGB_DOCUMENTO_ROL_ESTADO (ID_DOCUMENTO_ROL_ESTADO,ID_DOCUMENTO,ID_ROL,ID_ESTADO,FECHA_HORA,ID_USUARIO,ID_REFERENCIA) values ('20','2','3','25',to_timestamp('15/01/18 12:00:00,000000000 AM','DD/MM/RR HH12:MI:SSXFF AM'),'pruebas04','6');
Insert into SIGEBI_OAF.SGB_DOCUMENTO_ROL_ESTADO (ID_DOCUMENTO_ROL_ESTADO,ID_DOCUMENTO,ID_ROL,ID_ESTADO,FECHA_HORA,ID_USUARIO,ID_REFERENCIA) values ('21','2','1','26',to_timestamp('15/01/18 12:00:00,000000000 AM','DD/MM/RR HH12:MI:SSXFF AM'),'pruebas04','6');
Insert into SIGEBI_OAF.SGB_DOCUMENTO_ROL_ESTADO (ID_DOCUMENTO_ROL_ESTADO,ID_DOCUMENTO,ID_ROL,ID_ESTADO,FECHA_HORA,ID_USUARIO,ID_REFERENCIA) values ('22','2','3','25',to_timestamp('15/01/18 12:00:00,000000000 AM','DD/MM/RR HH12:MI:SSXFF AM'),'pruebas04','7');
Insert into SIGEBI_OAF.SGB_DOCUMENTO_ROL_ESTADO (ID_DOCUMENTO_ROL_ESTADO,ID_DOCUMENTO,ID_ROL,ID_ESTADO,FECHA_HORA,ID_USUARIO,ID_REFERENCIA) values ('15','28','1','25',to_timestamp('30/12/17 12:00:00,000000000 AM','DD/MM/RR HH12:MI:SSXFF AM'),'pruebas04','5');
Insert into SIGEBI_OAF.SGB_DOCUMENTO_ROL_ESTADO (ID_DOCUMENTO_ROL_ESTADO,ID_DOCUMENTO,ID_ROL,ID_ESTADO,FECHA_HORA,ID_USUARIO,ID_REFERENCIA) values ('16','28','1','25',to_timestamp('30/12/17 12:00:00,000000000 AM','DD/MM/RR HH12:MI:SSXFF AM'),'pruebas04','3');
Insert into SIGEBI_OAF.SGB_DOCUMENTO_ROL_ESTADO (ID_DOCUMENTO_ROL_ESTADO,ID_DOCUMENTO,ID_ROL,ID_ESTADO,FECHA_HORA,ID_USUARIO,ID_REFERENCIA) values ('17','28','217','26',to_timestamp('30/12/17 12:00:00,000000000 AM','DD/MM/RR HH12:MI:SSXFF AM'),'pruebas04','5');
Insert into SIGEBI_OAF.SGB_DOCUMENTO_ROL_ESTADO (ID_DOCUMENTO_ROL_ESTADO,ID_DOCUMENTO,ID_ROL,ID_ESTADO,FECHA_HORA,ID_USUARIO,ID_REFERENCIA) values ('18','2','3','26',to_timestamp('30/12/17 12:00:00,000000000 AM','DD/MM/RR HH12:MI:SSXFF AM'),'pruebas04','4');
REM INSERTING into SIGEBI_OAF.SGB_DOCUMENTO_ROL_PERSONA
SET DEFINE OFF;
Insert into SIGEBI_OAF.SGB_DOCUMENTO_ROL_PERSONA (ID_DOCUMENTO,ID_ROL,ID_USUARIO,NUM_UNIDAD_EJEC) values ('2','2','pruebas06','1825');
Insert into SIGEBI_OAF.SGB_DOCUMENTO_ROL_PERSONA (ID_DOCUMENTO,ID_ROL,ID_USUARIO,NUM_UNIDAD_EJEC) values ('28','217','pruebas04','1825');
Insert into SIGEBI_OAF.SGB_DOCUMENTO_ROL_PERSONA (ID_DOCUMENTO,ID_ROL,ID_USUARIO,NUM_UNIDAD_EJEC) values ('35','217','pruebas06','1825');
Insert into SIGEBI_OAF.SGB_DOCUMENTO_ROL_PERSONA (ID_DOCUMENTO,ID_ROL,ID_USUARIO,NUM_UNIDAD_EJEC) values ('34','217','pruebas04','1825');
Insert into SIGEBI_OAF.SGB_DOCUMENTO_ROL_PERSONA (ID_DOCUMENTO,ID_ROL,ID_USUARIO,NUM_UNIDAD_EJEC) values ('34','217','pruebas05','1825');
Insert into SIGEBI_OAF.SGB_DOCUMENTO_ROL_PERSONA (ID_DOCUMENTO,ID_ROL,ID_USUARIO,NUM_UNIDAD_EJEC) values ('2','1','pruebas05','1825');
Insert into SIGEBI_OAF.SGB_DOCUMENTO_ROL_PERSONA (ID_DOCUMENTO,ID_ROL,ID_USUARIO,NUM_UNIDAD_EJEC) values ('2','2','pruebas05','1825');
Insert into SIGEBI_OAF.SGB_DOCUMENTO_ROL_PERSONA (ID_DOCUMENTO,ID_ROL,ID_USUARIO,NUM_UNIDAD_EJEC) values ('2','1','pruebas04','1825');
Insert into SIGEBI_OAF.SGB_DOCUMENTO_ROL_PERSONA (ID_DOCUMENTO,ID_ROL,ID_USUARIO,NUM_UNIDAD_EJEC) values ('28','3','pruebas04','1825');
Insert into SIGEBI_OAF.SGB_DOCUMENTO_ROL_PERSONA (ID_DOCUMENTO,ID_ROL,ID_USUARIO,NUM_UNIDAD_EJEC) values ('28','3','pruebas05','1825');
Insert into SIGEBI_OAF.SGB_DOCUMENTO_ROL_PERSONA (ID_DOCUMENTO,ID_ROL,ID_USUARIO,NUM_UNIDAD_EJEC) values ('28','1','pruebas06','1825');
Insert into SIGEBI_OAF.SGB_DOCUMENTO_ROL_PERSONA (ID_DOCUMENTO,ID_ROL,ID_USUARIO,NUM_UNIDAD_EJEC) values ('28','1','pruebas04','1825');
Insert into SIGEBI_OAF.SGB_DOCUMENTO_ROL_PERSONA (ID_DOCUMENTO,ID_ROL,ID_USUARIO,NUM_UNIDAD_EJEC) values ('34','1','pruebas05','1839');
Insert into SIGEBI_OAF.SGB_DOCUMENTO_ROL_PERSONA (ID_DOCUMENTO,ID_ROL,ID_USUARIO,NUM_UNIDAD_EJEC) values ('35','1','pruebas05','1839');
Insert into SIGEBI_OAF.SGB_DOCUMENTO_ROL_PERSONA (ID_DOCUMENTO,ID_ROL,ID_USUARIO,NUM_UNIDAD_EJEC) values ('38','2','pruebas06','1826');
Insert into SIGEBI_OAF.SGB_DOCUMENTO_ROL_PERSONA (ID_DOCUMENTO,ID_ROL,ID_USUARIO,NUM_UNIDAD_EJEC) values ('37','2','pruebas06','1826');
Insert into SIGEBI_OAF.SGB_DOCUMENTO_ROL_PERSONA (ID_DOCUMENTO,ID_ROL,ID_USUARIO,NUM_UNIDAD_EJEC) values ('1','3','pruebas06','1826');
Insert into SIGEBI_OAF.SGB_DOCUMENTO_ROL_PERSONA (ID_DOCUMENTO,ID_ROL,ID_USUARIO,NUM_UNIDAD_EJEC) values ('1','3','pruebas04','1826');
Insert into SIGEBI_OAF.SGB_DOCUMENTO_ROL_PERSONA (ID_DOCUMENTO,ID_ROL,ID_USUARIO,NUM_UNIDAD_EJEC) values ('1','3','pruebas05','1826');
Insert into SIGEBI_OAF.SGB_DOCUMENTO_ROL_PERSONA (ID_DOCUMENTO,ID_ROL,ID_USUARIO,NUM_UNIDAD_EJEC) values ('37','2','pruebas05','1826');
Insert into SIGEBI_OAF.SGB_DOCUMENTO_ROL_PERSONA (ID_DOCUMENTO,ID_ROL,ID_USUARIO,NUM_UNIDAD_EJEC) values ('2','3','pruebas04','1826');
REM INSERTING into SIGEBI_OAF.SGB_DONACION
SET DEFINE OFF;
REM INSERTING into SIGEBI_OAF.SGB_DONACION_DETALLE
SET DEFINE OFF;
REM INSERTING into SIGEBI_OAF.SGB_DONACION_FACTURA
SET DEFINE OFF;
REM INSERTING into SIGEBI_OAF.SGB_ESTADO
SET DEFINE OFF;
Insert into SIGEBI_OAF.SGB_ESTADO (ID_ESTADO,NOMBRE,DOMINIO,ESTADO,VALOR) values ('2','PENDIENTE','BIEN','2','2');
Insert into SIGEBI_OAF.SGB_ESTADO (ID_ESTADO,NOMBRE,DOMINIO,ESTADO,VALOR) values ('4','PENDIENTE POR ACTIVACIÓN','BIEN','4','4');
Insert into SIGEBI_OAF.SGB_ESTADO (ID_ESTADO,NOMBRE,DOMINIO,ESTADO,VALOR) values ('5','ACTIVO','BIEN','5','5');
Insert into SIGEBI_OAF.SGB_ESTADO (ID_ESTADO,NOMBRE,DOMINIO,ESTADO,VALOR) values ('6','PENDIENTE POR INACTIVACIÓN','BIEN','6','6');
Insert into SIGEBI_OAF.SGB_ESTADO (ID_ESTADO,NOMBRE,DOMINIO,ESTADO,VALOR) values ('7','INACTIVO','BIEN','7','7');
Insert into SIGEBI_OAF.SGB_ESTADO (ID_ESTADO,NOMBRE,DOMINIO,ESTADO,VALOR) values ('1','PRE INGRESO','BIEN','1','1');
Insert into SIGEBI_OAF.SGB_ESTADO (ID_ESTADO,NOMBRE,DOMINIO,ESTADO,VALOR) values ('13','INACTIVO','GENERAL','2','2');
Insert into SIGEBI_OAF.SGB_ESTADO (ID_ESTADO,NOMBRE,DOMINIO,ESTADO,VALOR) values ('18','CREADA','NOTIFICACION','1','0');
Insert into SIGEBI_OAF.SGB_ESTADO (ID_ESTADO,NOMBRE,DOMINIO,ESTADO,VALOR) values ('19','ENVIADA','NOTIFICACION','2','0');
Insert into SIGEBI_OAF.SGB_ESTADO (ID_ESTADO,NOMBRE,DOMINIO,ESTADO,VALOR) values ('20','ENVIO FALLIDO','NOTIFICACION','3','0');
Insert into SIGEBI_OAF.SGB_ESTADO (ID_ESTADO,NOMBRE,DOMINIO,ESTADO,VALOR) values ('8','NUEVO','INFORME_TECNICO','1','1');
Insert into SIGEBI_OAF.SGB_ESTADO (ID_ESTADO,NOMBRE,DOMINIO,ESTADO,VALOR) values ('9','EN PROCESO','INFORME_TECNICO','2','2');
Insert into SIGEBI_OAF.SGB_ESTADO (ID_ESTADO,NOMBRE,DOMINIO,ESTADO,VALOR) values ('10','APROBADO','INFORME_TECNICO','3','3');
Insert into SIGEBI_OAF.SGB_ESTADO (ID_ESTADO,NOMBRE,DOMINIO,ESTADO,VALOR) values ('11','RECHAZADO','INFORME_TECNICO','4','4');
Insert into SIGEBI_OAF.SGB_ESTADO (ID_ESTADO,NOMBRE,DOMINIO,ESTADO,VALOR) values ('12','ACTIVO','GENERAL','1','1');
Insert into SIGEBI_OAF.SGB_ESTADO (ID_ESTADO,NOMBRE,DOMINIO,ESTADO,VALOR) values ('21','CREADA','EXCLUSION','1','0');
Insert into SIGEBI_OAF.SGB_ESTADO (ID_ESTADO,NOMBRE,DOMINIO,ESTADO,VALOR) values ('22','EN TRAMITE','EXCLUSION','2','0');
Insert into SIGEBI_OAF.SGB_ESTADO (ID_ESTADO,NOMBRE,DOMINIO,ESTADO,VALOR) values ('23','CERRADA','EXCLUSION','3','0');
Insert into SIGEBI_OAF.SGB_ESTADO (ID_ESTADO,NOMBRE,DOMINIO,ESTADO,VALOR) values ('25','APROBADO','GENERAL','3','3');
Insert into SIGEBI_OAF.SGB_ESTADO (ID_ESTADO,NOMBRE,DOMINIO,ESTADO,VALOR) values ('26','RECHAZADO','GENERAL','4','4');
Insert into SIGEBI_OAF.SGB_ESTADO (ID_ESTADO,NOMBRE,DOMINIO,ESTADO,VALOR) values ('27','PENDIENTE','GENERAL','5','5');
Insert into SIGEBI_OAF.SGB_ESTADO (ID_ESTADO,NOMBRE,DOMINIO,ESTADO,VALOR) values ('3','PENDIENTE POR SINCRONIZACIÓN','BIEN','3','3');
Insert into SIGEBI_OAF.SGB_ESTADO (ID_ESTADO,NOMBRE,DOMINIO,ESTADO,VALOR) values ('14','PENDIENTE','ACTA','1','1');
Insert into SIGEBI_OAF.SGB_ESTADO (ID_ESTADO,NOMBRE,DOMINIO,ESTADO,VALOR) values ('15','PROCESO','ACTA','2','2');
Insert into SIGEBI_OAF.SGB_ESTADO (ID_ESTADO,NOMBRE,DOMINIO,ESTADO,VALOR) values ('16','APLICADA','ACTA','3','3');
Insert into SIGEBI_OAF.SGB_ESTADO (ID_ESTADO,NOMBRE,DOMINIO,ESTADO,VALOR) values ('17','RECHAZADA','ACTA','4','4');
Insert into SIGEBI_OAF.SGB_ESTADO (ID_ESTADO,NOMBRE,DOMINIO,ESTADO,VALOR) values ('24','ANULADO','INFORME_TECNICO','5','5');
Insert into SIGEBI_OAF.SGB_ESTADO (ID_ESTADO,NOMBRE,DOMINIO,ESTADO,VALOR) values ('28','ANULADO','GENERAL','6','6');
REM INSERTING into SIGEBI_OAF.SGB_EVENTO
SET DEFINE OFF;
REM INSERTING into SIGEBI_OAF.SGB_EXCLUSION
SET DEFINE OFF;
Insert into SIGEBI_OAF.SGB_EXCLUSION (ID_EXCLUSION,NUM_UNIDAD_EJEC,FECHA,ID_TIPO,ID_ESTADO) values ('1','1827',to_date('26/11/17','DD/MM/RR'),'28','21');
Insert into SIGEBI_OAF.SGB_EXCLUSION (ID_EXCLUSION,NUM_UNIDAD_EJEC,FECHA,ID_TIPO,ID_ESTADO) values ('2','1825',to_date('25/11/17','DD/MM/RR'),'29','22');
Insert into SIGEBI_OAF.SGB_EXCLUSION (ID_EXCLUSION,NUM_UNIDAD_EJEC,FECHA,ID_TIPO,ID_ESTADO) values ('3','1839',to_date('24/11/17','DD/MM/RR'),'30','21');
Insert into SIGEBI_OAF.SGB_EXCLUSION (ID_EXCLUSION,NUM_UNIDAD_EJEC,FECHA,ID_TIPO,ID_ESTADO) values ('4','1826',to_date('26/11/17','DD/MM/RR'),'31','22');
Insert into SIGEBI_OAF.SGB_EXCLUSION (ID_EXCLUSION,NUM_UNIDAD_EJEC,FECHA,ID_TIPO,ID_ESTADO) values ('5','1837',to_date('25/11/17','DD/MM/RR'),'28','23');
Insert into SIGEBI_OAF.SGB_EXCLUSION (ID_EXCLUSION,NUM_UNIDAD_EJEC,FECHA,ID_TIPO,ID_ESTADO) values ('6','1834',to_date('24/11/17','DD/MM/RR'),'29','21');
REM INSERTING into SIGEBI_OAF.SGB_EXCLUSION_DETALLE
SET DEFINE OFF;
REM INSERTING into SIGEBI_OAF.SGB_IDENTIFICACION
SET DEFINE OFF;
Insert into SIGEBI_OAF.SGB_IDENTIFICACION (ID_IDENTIFICACION,ID_BIEN,ID_TIPO,NUMERO_IDENTIFICACION,ID_ESTADO,NUM_UNIDAD_EJEC) values ('25','26','11','INFORME11','1','1826');
Insert into SIGEBI_OAF.SGB_IDENTIFICACION (ID_IDENTIFICACION,ID_BIEN,ID_TIPO,NUMERO_IDENTIFICACION,ID_ESTADO,NUM_UNIDAD_EJEC) values ('26',null,'11','INFORME13','1','1826');
Insert into SIGEBI_OAF.SGB_IDENTIFICACION (ID_IDENTIFICACION,ID_BIEN,ID_TIPO,NUMERO_IDENTIFICACION,ID_ESTADO,NUM_UNIDAD_EJEC) values ('27',null,'11','INFORME14','1','1826');
Insert into SIGEBI_OAF.SGB_IDENTIFICACION (ID_IDENTIFICACION,ID_BIEN,ID_TIPO,NUMERO_IDENTIFICACION,ID_ESTADO,NUM_UNIDAD_EJEC) values ('28',null,'11','INFORME15','1','1826');
Insert into SIGEBI_OAF.SGB_IDENTIFICACION (ID_IDENTIFICACION,ID_BIEN,ID_TIPO,NUMERO_IDENTIFICACION,ID_ESTADO,NUM_UNIDAD_EJEC) values ('29',null,'11','INFORME16','1','1826');
Insert into SIGEBI_OAF.SGB_IDENTIFICACION (ID_IDENTIFICACION,ID_BIEN,ID_TIPO,NUMERO_IDENTIFICACION,ID_ESTADO,NUM_UNIDAD_EJEC) values ('23','24','11','INFORME1','1','1826');
Insert into SIGEBI_OAF.SGB_IDENTIFICACION (ID_IDENTIFICACION,ID_BIEN,ID_TIPO,NUMERO_IDENTIFICACION,ID_ESTADO,NUM_UNIDAD_EJEC) values ('24','25','11','INFORME12','1','1826');
Insert into SIGEBI_OAF.SGB_IDENTIFICACION (ID_IDENTIFICACION,ID_BIEN,ID_TIPO,NUMERO_IDENTIFICACION,ID_ESTADO,NUM_UNIDAD_EJEC) values ('1','13','10','UCR1234','1','1826');
Insert into SIGEBI_OAF.SGB_IDENTIFICACION (ID_IDENTIFICACION,ID_BIEN,ID_TIPO,NUMERO_IDENTIFICACION,ID_ESTADO,NUM_UNIDAD_EJEC) values ('2','14','10','UCR8547','1','1826');
Insert into SIGEBI_OAF.SGB_IDENTIFICACION (ID_IDENTIFICACION,ID_BIEN,ID_TIPO,NUMERO_IDENTIFICACION,ID_ESTADO,NUM_UNIDAD_EJEC) values ('8','17','10','CAP0001','1','1825');
Insert into SIGEBI_OAF.SGB_IDENTIFICACION (ID_IDENTIFICACION,ID_BIEN,ID_TIPO,NUMERO_IDENTIFICACION,ID_ESTADO,NUM_UNIDAD_EJEC) values ('9','19','10','CAP0002','1','1825');
Insert into SIGEBI_OAF.SGB_IDENTIFICACION (ID_IDENTIFICACION,ID_BIEN,ID_TIPO,NUMERO_IDENTIFICACION,ID_ESTADO,NUM_UNIDAD_EJEC) values ('10','21','10','CAP0003','1','1825');
Insert into SIGEBI_OAF.SGB_IDENTIFICACION (ID_IDENTIFICACION,ID_BIEN,ID_TIPO,NUMERO_IDENTIFICACION,ID_ESTADO,NUM_UNIDAD_EJEC) values ('18','16','11','IDE0001','1','1825');
Insert into SIGEBI_OAF.SGB_IDENTIFICACION (ID_IDENTIFICACION,ID_BIEN,ID_TIPO,NUMERO_IDENTIFICACION,ID_ESTADO,NUM_UNIDAD_EJEC) values ('19','18','11','IDE0002','1','1825');
Insert into SIGEBI_OAF.SGB_IDENTIFICACION (ID_IDENTIFICACION,ID_BIEN,ID_TIPO,NUMERO_IDENTIFICACION,ID_ESTADO,NUM_UNIDAD_EJEC) values ('20','20','11','IDE0003','1','1825');
Insert into SIGEBI_OAF.SGB_IDENTIFICACION (ID_IDENTIFICACION,ID_BIEN,ID_TIPO,NUMERO_IDENTIFICACION,ID_ESTADO,NUM_UNIDAD_EJEC) values ('21','22','10','TEST001','1','1825');
Insert into SIGEBI_OAF.SGB_IDENTIFICACION (ID_IDENTIFICACION,ID_BIEN,ID_TIPO,NUMERO_IDENTIFICACION,ID_ESTADO,NUM_UNIDAD_EJEC) values ('22','23','11','TEST002','1','1825');
Insert into SIGEBI_OAF.SGB_IDENTIFICACION (ID_IDENTIFICACION,ID_BIEN,ID_TIPO,NUMERO_IDENTIFICACION,ID_ESTADO,NUM_UNIDAD_EJEC) values ('3','9','10','UNID11014','1','1825');
Insert into SIGEBI_OAF.SGB_IDENTIFICACION (ID_IDENTIFICACION,ID_BIEN,ID_TIPO,NUMERO_IDENTIFICACION,ID_ESTADO,NUM_UNIDAD_EJEC) values ('4','10','11','UNID000245','1','1825');
Insert into SIGEBI_OAF.SGB_IDENTIFICACION (ID_IDENTIFICACION,ID_BIEN,ID_TIPO,NUMERO_IDENTIFICACION,ID_ESTADO,NUM_UNIDAD_EJEC) values ('5','11','10','UNID0097897','1','1825');
Insert into SIGEBI_OAF.SGB_IDENTIFICACION (ID_IDENTIFICACION,ID_BIEN,ID_TIPO,NUMERO_IDENTIFICACION,ID_ESTADO,NUM_UNIDAD_EJEC) values ('6','12','11','UNID007854','1','1825');
Insert into SIGEBI_OAF.SGB_IDENTIFICACION (ID_IDENTIFICACION,ID_BIEN,ID_TIPO,NUMERO_IDENTIFICACION,ID_ESTADO,NUM_UNIDAD_EJEC) values ('7','15','11','UNID000077','1','1825');
Insert into SIGEBI_OAF.SGB_IDENTIFICACION (ID_IDENTIFICACION,ID_BIEN,ID_TIPO,NUMERO_IDENTIFICACION,ID_ESTADO,NUM_UNIDAD_EJEC) values ('11','1','11','PLACA0001','1','1826');
Insert into SIGEBI_OAF.SGB_IDENTIFICACION (ID_IDENTIFICACION,ID_BIEN,ID_TIPO,NUMERO_IDENTIFICACION,ID_ESTADO,NUM_UNIDAD_EJEC) values ('12','2','11','PLACA0002','1','1826');
Insert into SIGEBI_OAF.SGB_IDENTIFICACION (ID_IDENTIFICACION,ID_BIEN,ID_TIPO,NUMERO_IDENTIFICACION,ID_ESTADO,NUM_UNIDAD_EJEC) values ('13','5','11','PLACA0005','1','1825');
Insert into SIGEBI_OAF.SGB_IDENTIFICACION (ID_IDENTIFICACION,ID_BIEN,ID_TIPO,NUMERO_IDENTIFICACION,ID_ESTADO,NUM_UNIDAD_EJEC) values ('14','6','11','PLACA0006','1','1826');
Insert into SIGEBI_OAF.SGB_IDENTIFICACION (ID_IDENTIFICACION,ID_BIEN,ID_TIPO,NUMERO_IDENTIFICACION,ID_ESTADO,NUM_UNIDAD_EJEC) values ('15','7','10','UNID110141','1','1825');
Insert into SIGEBI_OAF.SGB_IDENTIFICACION (ID_IDENTIFICACION,ID_BIEN,ID_TIPO,NUMERO_IDENTIFICACION,ID_ESTADO,NUM_UNIDAD_EJEC) values ('16','8','11','PLACA0008','1','1836');
Insert into SIGEBI_OAF.SGB_IDENTIFICACION (ID_IDENTIFICACION,ID_BIEN,ID_TIPO,NUMERO_IDENTIFICACION,ID_ESTADO,NUM_UNIDAD_EJEC) values ('17','4','11','PLACA0004','1','1826');
REM INSERTING into SIGEBI_OAF.SGB_INFORME_TECNICO
SET DEFINE OFF;
Insert into SIGEBI_OAF.SGB_INFORME_TECNICO (ID_INFORME_TECNICO,ID_BIEN,EVALUACION,ID_TIPO,ID_ESTADO) values ('1','24','El bien esta muy quebrado','20','10');
Insert into SIGEBI_OAF.SGB_INFORME_TECNICO (ID_INFORME_TECNICO,ID_BIEN,EVALUACION,ID_TIPO,ID_ESTADO) values ('2','25',' Problema en pantalla','19','9');
Insert into SIGEBI_OAF.SGB_INFORME_TECNICO (ID_INFORME_TECNICO,ID_BIEN,EVALUACION,ID_TIPO,ID_ESTADO) values ('3','13','Poca memoria','17','10');
Insert into SIGEBI_OAF.SGB_INFORME_TECNICO (ID_INFORME_TECNICO,ID_BIEN,EVALUACION,ID_TIPO,ID_ESTADO) values ('4','14',' ','18','9');
REM INSERTING into SIGEBI_OAF.SGB_INTERFAZ_ACCESORIO
SET DEFINE OFF;
REM INSERTING into SIGEBI_OAF.SGB_INTERFAZ_ADJUNTO
SET DEFINE OFF;
REM INSERTING into SIGEBI_OAF.SGB_INTERFAZ_BIEN
SET DEFINE OFF;
REM INSERTING into SIGEBI_OAF.SGB_INTERFAZ_COSTO_MANT
SET DEFINE OFF;
REM INSERTING into SIGEBI_OAF.SGB_INTERFAZ_EVENTO
SET DEFINE OFF;
REM INSERTING into SIGEBI_OAF.SGB_INTERFAZ_MANTENIMIENTO
SET DEFINE OFF;
REM INSERTING into SIGEBI_OAF.SGB_JUSTIFICACION
SET DEFINE OFF;
Insert into SIGEBI_OAF.SGB_JUSTIFICACION (ID_JUSTIFICACION,TIPO_DOCUMENTO,ID_DOCUMENTO,TITULO,REFERECIA_BIEN,OBSERVACIONES,USUARIO_REGISTRA,FECHA) values ('6','TRASLADO','7','Solicitud de correcciones',null,'Pruebas de correcciones','pruebas05',to_date('03/01/18','DD/MM/RR'));
Insert into SIGEBI_OAF.SGB_JUSTIFICACION (ID_JUSTIFICACION,TIPO_DOCUMENTO,ID_DOCUMENTO,TITULO,REFERECIA_BIEN,OBSERVACIONES,USUARIO_REGISTRA,FECHA) values ('7','TRASLADO','6','Anular el Traslado',null,'Pruebas para Anular','pruebas05',to_date('03/01/18','DD/MM/RR'));
Insert into SIGEBI_OAF.SGB_JUSTIFICACION (ID_JUSTIFICACION,TIPO_DOCUMENTO,ID_DOCUMENTO,TITULO,REFERECIA_BIEN,OBSERVACIONES,USUARIO_REGISTRA,FECHA) values ('8','TRASLADO','9','Solicitud de correcciones',null,'Solicitar Correcciones','pruebas05',to_date('03/01/18','DD/MM/RR'));
Insert into SIGEBI_OAF.SGB_JUSTIFICACION (ID_JUSTIFICACION,TIPO_DOCUMENTO,ID_DOCUMENTO,TITULO,REFERECIA_BIEN,OBSERVACIONES,USUARIO_REGISTRA,FECHA) values ('15','TRASLADO','7','Rechazo de un Bien','18','Revision de identificación','pruebas05',to_date('15/01/18','DD/MM/RR'));
Insert into SIGEBI_OAF.SGB_JUSTIFICACION (ID_JUSTIFICACION,TIPO_DOCUMENTO,ID_DOCUMENTO,TITULO,REFERECIA_BIEN,OBSERVACIONES,USUARIO_REGISTRA,FECHA) values ('4','TRASLADO','7','Solicitud de correcciones ',null,'Solicitar correcciones','pruebas05',to_date('03/01/18','DD/MM/RR'));
Insert into SIGEBI_OAF.SGB_JUSTIFICACION (ID_JUSTIFICACION,TIPO_DOCUMENTO,ID_DOCUMENTO,TITULO,REFERECIA_BIEN,OBSERVACIONES,USUARIO_REGISTRA,FECHA) values ('5','TRASLADO','6','Anular el Traslado ',null,'Traslado Anulado de prueba','pruebas05',to_date('03/01/18','DD/MM/RR'));
Insert into SIGEBI_OAF.SGB_JUSTIFICACION (ID_JUSTIFICACION,TIPO_DOCUMENTO,ID_DOCUMENTO,TITULO,REFERECIA_BIEN,OBSERVACIONES,USUARIO_REGISTRA,FECHA) values ('9','TRASLADO','6','Rechazo de un Bien','21','dfdsgf  dfsd ','pruebas05',to_date('04/01/18','DD/MM/RR'));
Insert into SIGEBI_OAF.SGB_JUSTIFICACION (ID_JUSTIFICACION,TIPO_DOCUMENTO,ID_DOCUMENTO,TITULO,REFERECIA_BIEN,OBSERVACIONES,USUARIO_REGISTRA,FECHA) values ('10','TRASLADO','6','Rechazo de un Bien','20','kjhgfkhgf  ghkciydy','pruebas05',to_date('04/01/18','DD/MM/RR'));
Insert into SIGEBI_OAF.SGB_JUSTIFICACION (ID_JUSTIFICACION,TIPO_DOCUMENTO,ID_DOCUMENTO,TITULO,REFERECIA_BIEN,OBSERVACIONES,USUARIO_REGISTRA,FECHA) values ('11','TRASLADO','6','Rechazo de un Bien','15','Bien Rechazado','pruebas05',to_date('04/01/18','DD/MM/RR'));
Insert into SIGEBI_OAF.SGB_JUSTIFICACION (ID_JUSTIFICACION,TIPO_DOCUMENTO,ID_DOCUMENTO,TITULO,REFERECIA_BIEN,OBSERVACIONES,USUARIO_REGISTRA,FECHA) values ('12','TRASLADO','6','Rechazo de un Bien','15','rECHAZO BIEN UNID000077','pruebas05',to_date('04/01/18','DD/MM/RR'));
Insert into SIGEBI_OAF.SGB_JUSTIFICACION (ID_JUSTIFICACION,TIPO_DOCUMENTO,ID_DOCUMENTO,TITULO,REFERECIA_BIEN,OBSERVACIONES,USUARIO_REGISTRA,FECHA) values ('14','TRASLADO','6','Solicitud de correcciones',null,'Justificacion','pruebas05',to_date('09/01/18','DD/MM/RR'));
Insert into SIGEBI_OAF.SGB_JUSTIFICACION (ID_JUSTIFICACION,TIPO_DOCUMENTO,ID_DOCUMENTO,TITULO,REFERECIA_BIEN,OBSERVACIONES,USUARIO_REGISTRA,FECHA) values ('3','TRASLADO','7','Anular el Traslado ',null,'Pruebas anular','pruebas05',to_date('02/01/18','DD/MM/RR'));
REM INSERTING into SIGEBI_OAF.SGB_MANTENIMIENTO
SET DEFINE OFF;
REM INSERTING into SIGEBI_OAF.SGB_NOTA
SET DEFINE OFF;
Insert into SIGEBI_OAF.SGB_NOTA (ID_NOTA,ID_BIEN,DETALLE,ID_ESTADO) values ('8','1','Prueba','1');
Insert into SIGEBI_OAF.SGB_NOTA (ID_NOTA,ID_BIEN,DETALLE,ID_ESTADO) values ('9','7','Nota nueva después de eliminada','1');
Insert into SIGEBI_OAF.SGB_NOTA (ID_NOTA,ID_BIEN,DETALLE,ID_ESTADO) values ('12','10','RTV Febrero 2018','1');
Insert into SIGEBI_OAF.SGB_NOTA (ID_NOTA,ID_BIEN,DETALLE,ID_ESTADO) values ('14','10','Nueva nota','1');
Insert into SIGEBI_OAF.SGB_NOTA (ID_NOTA,ID_BIEN,DETALLE,ID_ESTADO) values ('6','8','Nota de Prueba','1');
Insert into SIGEBI_OAF.SGB_NOTA (ID_NOTA,ID_BIEN,DETALLE,ID_ESTADO) values ('13','10','Revisiones cada 6 meses','1');
Insert into SIGEBI_OAF.SGB_NOTA (ID_NOTA,ID_BIEN,DETALLE,ID_ESTADO) values ('2','2','Registro Nota 2','1');
Insert into SIGEBI_OAF.SGB_NOTA (ID_NOTA,ID_BIEN,DETALLE,ID_ESTADO) values ('3','1','Nota para el bien 1','1');
Insert into SIGEBI_OAF.SGB_NOTA (ID_NOTA,ID_BIEN,DETALLE,ID_ESTADO) values ('15','7','El celular si posee íinea activa','1');
Insert into SIGEBI_OAF.SGB_NOTA (ID_NOTA,ID_BIEN,DETALLE,ID_ESTADO) values ('10','5','REGISTRO NOTA PLACA BIEN 0005','1');
Insert into SIGEBI_OAF.SGB_NOTA (ID_NOTA,ID_BIEN,DETALLE,ID_ESTADO) values ('11','5','REGISTRO OTRA NOTA','1');
Insert into SIGEBI_OAF.SGB_NOTA (ID_NOTA,ID_BIEN,DETALLE,ID_ESTADO) values ('1','2','Registra nota 1 ','1');
Insert into SIGEBI_OAF.SGB_NOTA (ID_NOTA,ID_BIEN,DETALLE,ID_ESTADO) values ('4','7','Primera nota registrada','1');
REM INSERTING into SIGEBI_OAF.SGB_NOTIFICACION
SET DEFINE OFF;
Insert into SIGEBI_OAF.SGB_NOTIFICACION (ID_NOTIFICACION,ASUNTO,MENSAJE,DESTINATARIO,ID_ESTADO,PRIORIDAD,FECHA) values ('26','Registro de nuevo bien','<p>Se registro el bien con placa <em>555999</em></p>','ajcr81@gmail.com','19','1',to_date('20/12/17','DD/MM/RR'));
Insert into SIGEBI_OAF.SGB_NOTIFICACION (ID_NOTIFICACION,ASUNTO,MENSAJE,DESTINATARIO,ID_ESTADO,PRIORIDAD,FECHA) values ('27','Donacion de bien','<p>Se dona el bien 555999</p>','donaciones@ucr.com','18','2',to_date('05/12/17','DD/MM/RR'));
Insert into SIGEBI_OAF.SGB_NOTIFICACION (ID_NOTIFICACION,ASUNTO,MENSAJE,DESTINATARIO,ID_ESTADO,PRIORIDAD,FECHA) values ('41','prueba','<p><strong>Correo de prueba</strong></p>','oscaraw7@gmail.com','19','1',to_date('27/11/17','DD/MM/RR'));
Insert into SIGEBI_OAF.SGB_NOTIFICACION (ID_NOTIFICACION,ASUNTO,MENSAJE,DESTINATARIO,ID_ESTADO,PRIORIDAD,FECHA) values ('42','prueba','<p><strong>Correo de prueba</strong></p>','oscaraw7@gmail.com','18','2',to_date('27/11/17','DD/MM/RR'));
Insert into SIGEBI_OAF.SGB_NOTIFICACION (ID_NOTIFICACION,ASUNTO,MENSAJE,DESTINATARIO,ID_ESTADO,PRIORIDAD,FECHA) values ('43','prueba','<p>prueba</p>','oscaraw7@gmail.com','18','2',to_date('27/11/17','DD/MM/RR'));
Insert into SIGEBI_OAF.SGB_NOTIFICACION (ID_NOTIFICACION,ASUNTO,MENSAJE,DESTINATARIO,ID_ESTADO,PRIORIDAD,FECHA) values ('23','Desecho de bien','<p>Se registro el bien con placa 777555 para desecho</p>','desechos@ucr.com','18','2',to_date('29/11/17','DD/MM/RR'));
Insert into SIGEBI_OAF.SGB_NOTIFICACION (ID_NOTIFICACION,ASUNTO,MENSAJE,DESTINATARIO,ID_ESTADO,PRIORIDAD,FECHA) values ('24','Traslado de bien','<p>Se registro bien para traslado</p>','ajcr81@gmail.com','19','1',to_date('20/12/17','DD/MM/RR'));
Insert into SIGEBI_OAF.SGB_NOTIFICACION (ID_NOTIFICACION,ASUNTO,MENSAJE,DESTINATARIO,ID_ESTADO,PRIORIDAD,FECHA) values ('25','Registro de nuevo bien','<p>Se registro el bien con placa 777444</p>','ajcr81@gmail.com','18','2',to_date('27/11/17','DD/MM/RR'));
Insert into SIGEBI_OAF.SGB_NOTIFICACION (ID_NOTIFICACION,ASUNTO,MENSAJE,DESTINATARIO,ID_ESTADO,PRIORIDAD,FECHA) values ('103','Donacion de bien','<p>Se registar bien para donacion</p>','sigebiucr@gmail.com','18','2',to_date('13/12/17','DD/MM/RR'));
Insert into SIGEBI_OAF.SGB_NOTIFICACION (ID_NOTIFICACION,ASUNTO,MENSAJE,DESTINATARIO,ID_ESTADO,PRIORIDAD,FECHA) values ('104','Desecho de bien','<p>Se registar bien para desecho</p>','sigebiucr@gmail.com','18','2',to_date('13/12/17','DD/MM/RR'));
Insert into SIGEBI_OAF.SGB_NOTIFICACION (ID_NOTIFICACION,ASUNTO,MENSAJE,DESTINATARIO,ID_ESTADO,PRIORIDAD,FECHA) values ('105','Registro de nuevo bien','<p>Registro de bien</p>','ajcr81@gmail.com','19','1',to_date('20/12/17','DD/MM/RR'));
Insert into SIGEBI_OAF.SGB_NOTIFICACION (ID_NOTIFICACION,ASUNTO,MENSAJE,DESTINATARIO,ID_ESTADO,PRIORIDAD,FECHA) values ('21','Registro de nuevo bien','<p>Se registro el bien con placa <strong>123456</strong></p>','ajcr81@gmail.com','19','1',to_date('29/11/17','DD/MM/RR'));
Insert into SIGEBI_OAF.SGB_NOTIFICACION (ID_NOTIFICACION,ASUNTO,MENSAJE,DESTINATARIO,ID_ESTADO,PRIORIDAD,FECHA) values ('22','Donacion de bien','<p>Se registro el bien con placa 123456 para donacion</p>','donaciones@ucr.com','18','2',to_date('27/11/17','DD/MM/RR'));
Insert into SIGEBI_OAF.SGB_NOTIFICACION (ID_NOTIFICACION,ASUNTO,MENSAJE,DESTINATARIO,ID_ESTADO,PRIORIDAD,FECHA) values ('81','Desecho de Bien','<p>Se desecha el bien con placa <strong>159159</strong></p>','sigebiucr@gmail.com','18','2',to_date('11/12/17','DD/MM/RR'));
Insert into SIGEBI_OAF.SGB_NOTIFICACION (ID_NOTIFICACION,ASUNTO,MENSAJE,DESTINATARIO,ID_ESTADO,PRIORIDAD,FECHA) values ('101','Registro de bien','<p>Se registro nuevo bien con placa #<strong>123456</strong></p>','sigebiucr@gmail.com','19','1',to_date('13/12/17','DD/MM/RR'));
Insert into SIGEBI_OAF.SGB_NOTIFICACION (ID_NOTIFICACION,ASUNTO,MENSAJE,DESTINATARIO,ID_ESTADO,PRIORIDAD,FECHA) values ('102','Registro de bien','<p>Se registro nuevo bien con placa #<strong>123456</strong></p>','sigebiucr@gmail.com, ajcr81@gmail.com','18','2',to_date('13/12/17','DD/MM/RR'));
Insert into SIGEBI_OAF.SGB_NOTIFICACION (ID_NOTIFICACION,ASUNTO,MENSAJE,DESTINATARIO,ID_ESTADO,PRIORIDAD,FECHA) values ('61','Registro de nuevo bien','<p>Se registra el bien con placa159159</p>','sigebiucr@gmail.com','19','1',to_date('20/12/17','DD/MM/RR'));
Insert into SIGEBI_OAF.SGB_NOTIFICACION (ID_NOTIFICACION,ASUNTO,MENSAJE,DESTINATARIO,ID_ESTADO,PRIORIDAD,FECHA) values ('62','Donacion de bien','<p>Se dona el bien con placa 123456</p>','ajcr81@gmail.com','19','1',to_date('30/11/17','DD/MM/RR'));
Insert into SIGEBI_OAF.SGB_NOTIFICACION (ID_NOTIFICACION,ASUNTO,MENSAJE,DESTINATARIO,ID_ESTADO,PRIORIDAD,FECHA) values ('121','Desecho de bien','<p>Se registra bien para desecho</p>','sigebiucr@gmail.com','18','2',to_date('14/01/18','DD/MM/RR'));
REM INSERTING into SIGEBI_OAF.SGB_NOTIFICACION_ENVIO
SET DEFINE OFF;
REM INSERTING into SIGEBI_OAF.SGB_PAIS
SET DEFINE OFF;
REM INSERTING into SIGEBI_OAF.SGB_PARAMETRO
SET DEFINE OFF;
Insert into SIGEBI_OAF.SGB_PARAMETRO (ID_PARAMETRO,CODIGO,DESCRIPCION,DOMINIO,SUBDOMINIO,VALOR,REFERENCIA,ID_ESTADO) values ('1','CAR_MARCA','Id del tipo de característica MARCA','CARACTERISTRICA',null,'3',null,'1');
Insert into SIGEBI_OAF.SGB_PARAMETRO (ID_PARAMETRO,CODIGO,DESCRIPCION,DOMINIO,SUBDOMINIO,VALOR,REFERENCIA,ID_ESTADO) values ('2','CAR_MODELO','Id del tipo de característica MODELO','CARACTERISTRICA',null,'4',null,'1');
Insert into SIGEBI_OAF.SGB_PARAMETRO (ID_PARAMETRO,CODIGO,DESCRIPCION,DOMINIO,SUBDOMINIO,VALOR,REFERENCIA,ID_ESTADO) values ('3','CAR_SERIE','Id del tipo de característica SERIE','CARACTERISTRICA',null,'5',null,'1');
Insert into SIGEBI_OAF.SGB_PARAMETRO (ID_PARAMETRO,CODIGO,DESCRIPCION,DOMINIO,SUBDOMINIO,VALOR,REFERENCIA,ID_ESTADO) values ('4','ID_PLACA','Id del tipo de indentificación PLACA','IDENTIFICACION',null,'10',null,'1');
Insert into SIGEBI_OAF.SGB_PARAMETRO (ID_PARAMETRO,CODIGO,DESCRIPCION,DOMINIO,SUBDOMINIO,VALOR,REFERENCIA,ID_ESTADO) values ('5','ID_UNIDAD','Id del tipo de indentificación UNIDAD','IDENTIFICACION',null,'11',null,'1');
REM INSERTING into SIGEBI_OAF.SGB_PERSONA
SET DEFINE OFF;
Insert into SIGEBI_OAF.SGB_PERSONA (ID_PERSONA,CEDULA,NOMBRE,PRIMER_APELLIDO,SEGUNDO_APELLIDO,TIPO_PERSONA,ID_ESTADO) values ('1','1 1111 0111','NOMBRE PERSONA','PRIM_APELLIDO','SEG_APELLIDO','1','1');
Insert into SIGEBI_OAF.SGB_PERSONA (ID_PERSONA,CEDULA,NOMBRE,PRIMER_APELLIDO,SEGUNDO_APELLIDO,TIPO_PERSONA,ID_ESTADO) values ('2','1 1111 0123','Persona 2','Apellido 1','Apellido 2','1','1');
REM INSERTING into SIGEBI_OAF.SGB_PRESTAMO
SET DEFINE OFF;
REM INSERTING into SIGEBI_OAF.SGB_PRESTAMO_DETALLE
SET DEFINE OFF;
REM INSERTING into SIGEBI_OAF.SGB_REGISTRO_MOVIMIENTO
SET DEFINE OFF;
Insert into SIGEBI_OAF.SGB_REGISTRO_MOVIMIENTO (ID_REGISTRO_MOVIMIENTO,ID_TIPO,ID_BIEN,OBSERVACION,FECHA,NUM_PERSONA,ID_ESTADO) values ('22','1','1','Pruebas',to_date('03/11/17','DD/MM/RR'),'0','3');
Insert into SIGEBI_OAF.SGB_REGISTRO_MOVIMIENTO (ID_REGISTRO_MOVIMIENTO,ID_TIPO,ID_BIEN,OBSERVACION,FECHA,NUM_PERSONA,ID_ESTADO) values ('20','2','6','Pruebas',to_date('03/11/17','DD/MM/RR'),'0','3');
Insert into SIGEBI_OAF.SGB_REGISTRO_MOVIMIENTO (ID_REGISTRO_MOVIMIENTO,ID_TIPO,ID_BIEN,OBSERVACION,FECHA,NUM_PERSONA,ID_ESTADO) values ('21','1','1','Pruebas',to_date('03/11/17','DD/MM/RR'),'0','2');
Insert into SIGEBI_OAF.SGB_REGISTRO_MOVIMIENTO (ID_REGISTRO_MOVIMIENTO,ID_TIPO,ID_BIEN,OBSERVACION,FECHA,NUM_PERSONA,ID_ESTADO) values ('23','1','1','Pruebas',to_date('03/11/17','DD/MM/RR'),'0','2');
Insert into SIGEBI_OAF.SGB_REGISTRO_MOVIMIENTO (ID_REGISTRO_MOVIMIENTO,ID_TIPO,ID_BIEN,OBSERVACION,FECHA,NUM_PERSONA,ID_ESTADO) values ('34','2','13',null,to_date('07/11/17','DD/MM/RR'),'0','3');
Insert into SIGEBI_OAF.SGB_REGISTRO_MOVIMIENTO (ID_REGISTRO_MOVIMIENTO,ID_TIPO,ID_BIEN,OBSERVACION,FECHA,NUM_PERSONA,ID_ESTADO) values ('35','2','13','Pruebas',to_date('07/11/17','DD/MM/RR'),'0','2');
Insert into SIGEBI_OAF.SGB_REGISTRO_MOVIMIENTO (ID_REGISTRO_MOVIMIENTO,ID_TIPO,ID_BIEN,OBSERVACION,FECHA,NUM_PERSONA,ID_ESTADO) values ('85','1','9',null,to_date('13/12/17','DD/MM/RR'),'0','3');
Insert into SIGEBI_OAF.SGB_REGISTRO_MOVIMIENTO (ID_REGISTRO_MOVIMIENTO,ID_TIPO,ID_BIEN,OBSERVACION,FECHA,NUM_PERSONA,ID_ESTADO) values ('86','1','22',null,to_date('13/12/17','DD/MM/RR'),'0','3');
Insert into SIGEBI_OAF.SGB_REGISTRO_MOVIMIENTO (ID_REGISTRO_MOVIMIENTO,ID_TIPO,ID_BIEN,OBSERVACION,FECHA,NUM_PERSONA,ID_ESTADO) values ('87','2','11',null,to_date('13/12/17','DD/MM/RR'),'0','3');
Insert into SIGEBI_OAF.SGB_REGISTRO_MOVIMIENTO (ID_REGISTRO_MOVIMIENTO,ID_TIPO,ID_BIEN,OBSERVACION,FECHA,NUM_PERSONA,ID_ESTADO) values ('88','1','19',null,to_date('13/12/17','DD/MM/RR'),'0','3');
Insert into SIGEBI_OAF.SGB_REGISTRO_MOVIMIENTO (ID_REGISTRO_MOVIMIENTO,ID_TIPO,ID_BIEN,OBSERVACION,FECHA,NUM_PERSONA,ID_ESTADO) values ('89','1','21',null,to_date('13/12/17','DD/MM/RR'),'0','3');
Insert into SIGEBI_OAF.SGB_REGISTRO_MOVIMIENTO (ID_REGISTRO_MOVIMIENTO,ID_TIPO,ID_BIEN,OBSERVACION,FECHA,NUM_PERSONA,ID_ESTADO) values ('90','2','23',null,to_date('13/12/17','DD/MM/RR'),'0','3');
Insert into SIGEBI_OAF.SGB_REGISTRO_MOVIMIENTO (ID_REGISTRO_MOVIMIENTO,ID_TIPO,ID_BIEN,OBSERVACION,FECHA,NUM_PERSONA,ID_ESTADO) values ('62','1','20',null,to_date('08/12/17','DD/MM/RR'),'0','3');
Insert into SIGEBI_OAF.SGB_REGISTRO_MOVIMIENTO (ID_REGISTRO_MOVIMIENTO,ID_TIPO,ID_BIEN,OBSERVACION,FECHA,NUM_PERSONA,ID_ESTADO) values ('63','1','21','prueba rechazar',to_date('08/12/17','DD/MM/RR'),'0','2');
Insert into SIGEBI_OAF.SGB_REGISTRO_MOVIMIENTO (ID_REGISTRO_MOVIMIENTO,ID_TIPO,ID_BIEN,OBSERVACION,FECHA,NUM_PERSONA,ID_ESTADO) values ('64','2','5','kgkgkjgkj',to_date('08/12/17','DD/MM/RR'),'0','2');
Insert into SIGEBI_OAF.SGB_REGISTRO_MOVIMIENTO (ID_REGISTRO_MOVIMIENTO,ID_TIPO,ID_BIEN,OBSERVACION,FECHA,NUM_PERSONA,ID_ESTADO) values ('65','1','21','Rechazar',to_date('08/12/17','DD/MM/RR'),'0','2');
Insert into SIGEBI_OAF.SGB_REGISTRO_MOVIMIENTO (ID_REGISTRO_MOVIMIENTO,ID_TIPO,ID_BIEN,OBSERVACION,FECHA,NUM_PERSONA,ID_ESTADO) values ('66','1','22',null,to_date('08/12/17','DD/MM/RR'),'0','3');
Insert into SIGEBI_OAF.SGB_REGISTRO_MOVIMIENTO (ID_REGISTRO_MOVIMIENTO,ID_TIPO,ID_BIEN,OBSERVACION,FECHA,NUM_PERSONA,ID_ESTADO) values ('76','2','11','pruebas rechazo',to_date('11/12/17','DD/MM/RR'),'0','2');
Insert into SIGEBI_OAF.SGB_REGISTRO_MOVIMIENTO (ID_REGISTRO_MOVIMIENTO,ID_TIPO,ID_BIEN,OBSERVACION,FECHA,NUM_PERSONA,ID_ESTADO) values ('77','1','9','Pruebas Rechazar',to_date('11/12/17','DD/MM/RR'),'0','2');
Insert into SIGEBI_OAF.SGB_REGISTRO_MOVIMIENTO (ID_REGISTRO_MOVIMIENTO,ID_TIPO,ID_BIEN,OBSERVACION,FECHA,NUM_PERSONA,ID_ESTADO) values ('78','2','5',null,to_date('11/12/17','DD/MM/RR'),'0','3');
Insert into SIGEBI_OAF.SGB_REGISTRO_MOVIMIENTO (ID_REGISTRO_MOVIMIENTO,ID_TIPO,ID_BIEN,OBSERVACION,FECHA,NUM_PERSONA,ID_ESTADO) values ('79','2','14',null,to_date('11/12/17','DD/MM/RR'),'0','3');
Insert into SIGEBI_OAF.SGB_REGISTRO_MOVIMIENTO (ID_REGISTRO_MOVIMIENTO,ID_TIPO,ID_BIEN,OBSERVACION,FECHA,NUM_PERSONA,ID_ESTADO) values ('80','2','25','Pruebas rechazar masivamente',to_date('11/12/17','DD/MM/RR'),'0','2');
Insert into SIGEBI_OAF.SGB_REGISTRO_MOVIMIENTO (ID_REGISTRO_MOVIMIENTO,ID_TIPO,ID_BIEN,OBSERVACION,FECHA,NUM_PERSONA,ID_ESTADO) values ('81','2','24','Pruebas rechazar masivamente',to_date('11/12/17','DD/MM/RR'),'0','2');
Insert into SIGEBI_OAF.SGB_REGISTRO_MOVIMIENTO (ID_REGISTRO_MOVIMIENTO,ID_TIPO,ID_BIEN,OBSERVACION,FECHA,NUM_PERSONA,ID_ESTADO) values ('82','2','14','Pruebas rechazar masivamente',to_date('11/12/17','DD/MM/RR'),'0','2');
Insert into SIGEBI_OAF.SGB_REGISTRO_MOVIMIENTO (ID_REGISTRO_MOVIMIENTO,ID_TIPO,ID_BIEN,OBSERVACION,FECHA,NUM_PERSONA,ID_ESTADO) values ('25','1','1',null,to_date('03/11/17','DD/MM/RR'),'0','3');
Insert into SIGEBI_OAF.SGB_REGISTRO_MOVIMIENTO (ID_REGISTRO_MOVIMIENTO,ID_TIPO,ID_BIEN,OBSERVACION,FECHA,NUM_PERSONA,ID_ESTADO) values ('26','2','6','Preuba',to_date('03/11/17','DD/MM/RR'),'0','2');
Insert into SIGEBI_OAF.SGB_REGISTRO_MOVIMIENTO (ID_REGISTRO_MOVIMIENTO,ID_TIPO,ID_BIEN,OBSERVACION,FECHA,NUM_PERSONA,ID_ESTADO) values ('27','1','2',null,to_date('03/11/17','DD/MM/RR'),'0','3');
Insert into SIGEBI_OAF.SGB_REGISTRO_MOVIMIENTO (ID_REGISTRO_MOVIMIENTO,ID_TIPO,ID_BIEN,OBSERVACION,FECHA,NUM_PERSONA,ID_ESTADO) values ('28','1','1','pruebas',to_date('03/11/17','DD/MM/RR'),'0','2');
Insert into SIGEBI_OAF.SGB_REGISTRO_MOVIMIENTO (ID_REGISTRO_MOVIMIENTO,ID_TIPO,ID_BIEN,OBSERVACION,FECHA,NUM_PERSONA,ID_ESTADO) values ('29','1','1',null,to_date('03/11/17','DD/MM/RR'),'0','3');
Insert into SIGEBI_OAF.SGB_REGISTRO_MOVIMIENTO (ID_REGISTRO_MOVIMIENTO,ID_TIPO,ID_BIEN,OBSERVACION,FECHA,NUM_PERSONA,ID_ESTADO) values ('30','1','1','Pruebas',to_date('03/11/17','DD/MM/RR'),'0','2');
Insert into SIGEBI_OAF.SGB_REGISTRO_MOVIMIENTO (ID_REGISTRO_MOVIMIENTO,ID_TIPO,ID_BIEN,OBSERVACION,FECHA,NUM_PERSONA,ID_ESTADO) values ('31','1','1',null,to_date('03/11/17','DD/MM/RR'),'0','3');
Insert into SIGEBI_OAF.SGB_REGISTRO_MOVIMIENTO (ID_REGISTRO_MOVIMIENTO,ID_TIPO,ID_BIEN,OBSERVACION,FECHA,NUM_PERSONA,ID_ESTADO) values ('32','2','6',null,to_date('03/11/17','DD/MM/RR'),'0','3');
Insert into SIGEBI_OAF.SGB_REGISTRO_MOVIMIENTO (ID_REGISTRO_MOVIMIENTO,ID_TIPO,ID_BIEN,OBSERVACION,FECHA,NUM_PERSONA,ID_ESTADO) values ('33','2','6','Pruebas',to_date('03/11/17','DD/MM/RR'),'0','2');
Insert into SIGEBI_OAF.SGB_REGISTRO_MOVIMIENTO (ID_REGISTRO_MOVIMIENTO,ID_TIPO,ID_BIEN,OBSERVACION,FECHA,NUM_PERSONA,ID_ESTADO) values ('36','1','7',null,to_date('09/11/17','DD/MM/RR'),'0','3');
Insert into SIGEBI_OAF.SGB_REGISTRO_MOVIMIENTO (ID_REGISTRO_MOVIMIENTO,ID_TIPO,ID_BIEN,OBSERVACION,FECHA,NUM_PERSONA,ID_ESTADO) values ('37','1','7','PRUEAS',to_date('09/11/17','DD/MM/RR'),'0','2');
Insert into SIGEBI_OAF.SGB_REGISTRO_MOVIMIENTO (ID_REGISTRO_MOVIMIENTO,ID_TIPO,ID_BIEN,OBSERVACION,FECHA,NUM_PERSONA,ID_ESTADO) values ('38','1','9',null,to_date('09/11/17','DD/MM/RR'),'0','3');
Insert into SIGEBI_OAF.SGB_REGISTRO_MOVIMIENTO (ID_REGISTRO_MOVIMIENTO,ID_TIPO,ID_BIEN,OBSERVACION,FECHA,NUM_PERSONA,ID_ESTADO) values ('39','1','7',null,to_date('09/11/17','DD/MM/RR'),'0','3');
Insert into SIGEBI_OAF.SGB_REGISTRO_MOVIMIENTO (ID_REGISTRO_MOVIMIENTO,ID_TIPO,ID_BIEN,OBSERVACION,FECHA,NUM_PERSONA,ID_ESTADO) values ('40','1','9','Pruebas',to_date('09/11/17','DD/MM/RR'),'0','2');
Insert into SIGEBI_OAF.SGB_REGISTRO_MOVIMIENTO (ID_REGISTRO_MOVIMIENTO,ID_TIPO,ID_BIEN,OBSERVACION,FECHA,NUM_PERSONA,ID_ESTADO) values ('41','2','10','Pruebas',to_date('09/11/17','DD/MM/RR'),'0','2');
Insert into SIGEBI_OAF.SGB_REGISTRO_MOVIMIENTO (ID_REGISTRO_MOVIMIENTO,ID_TIPO,ID_BIEN,OBSERVACION,FECHA,NUM_PERSONA,ID_ESTADO) values ('42','2','11','Pruebas',to_date('09/11/17','DD/MM/RR'),'0','2');
Insert into SIGEBI_OAF.SGB_REGISTRO_MOVIMIENTO (ID_REGISTRO_MOVIMIENTO,ID_TIPO,ID_BIEN,OBSERVACION,FECHA,NUM_PERSONA,ID_ESTADO) values ('44','2','13',null,to_date('23/11/17','DD/MM/RR'),'0','3');
Insert into SIGEBI_OAF.SGB_REGISTRO_MOVIMIENTO (ID_REGISTRO_MOVIMIENTO,ID_TIPO,ID_BIEN,OBSERVACION,FECHA,NUM_PERSONA,ID_ESTADO) values ('45','2','13','Se debe rechazar',to_date('23/11/17','DD/MM/RR'),'0','2');
Insert into SIGEBI_OAF.SGB_REGISTRO_MOVIMIENTO (ID_REGISTRO_MOVIMIENTO,ID_TIPO,ID_BIEN,OBSERVACION,FECHA,NUM_PERSONA,ID_ESTADO) values ('46','2','13',null,to_date('23/11/17','DD/MM/RR'),'0','3');
Insert into SIGEBI_OAF.SGB_REGISTRO_MOVIMIENTO (ID_REGISTRO_MOVIMIENTO,ID_TIPO,ID_BIEN,OBSERVACION,FECHA,NUM_PERSONA,ID_ESTADO) values ('47','2','13','Pruebas',to_date('23/11/17','DD/MM/RR'),'0','2');
Insert into SIGEBI_OAF.SGB_REGISTRO_MOVIMIENTO (ID_REGISTRO_MOVIMIENTO,ID_TIPO,ID_BIEN,OBSERVACION,FECHA,NUM_PERSONA,ID_ESTADO) values ('48','2','13',null,to_date('23/11/17','DD/MM/RR'),'0','3');
Insert into SIGEBI_OAF.SGB_REGISTRO_MOVIMIENTO (ID_REGISTRO_MOVIMIENTO,ID_TIPO,ID_BIEN,OBSERVACION,FECHA,NUM_PERSONA,ID_ESTADO) values ('69','1','9',null,to_date('11/12/17','DD/MM/RR'),'0','3');
Insert into SIGEBI_OAF.SGB_REGISTRO_MOVIMIENTO (ID_REGISTRO_MOVIMIENTO,ID_TIPO,ID_BIEN,OBSERVACION,FECHA,NUM_PERSONA,ID_ESTADO) values ('70','2','11',null,to_date('11/12/17','DD/MM/RR'),'0','3');
Insert into SIGEBI_OAF.SGB_REGISTRO_MOVIMIENTO (ID_REGISTRO_MOVIMIENTO,ID_TIPO,ID_BIEN,OBSERVACION,FECHA,NUM_PERSONA,ID_ESTADO) values ('19','2','10','fff',to_date('03/11/17','DD/MM/RR'),'0','3');
Insert into SIGEBI_OAF.SGB_REGISTRO_MOVIMIENTO (ID_REGISTRO_MOVIMIENTO,ID_TIPO,ID_BIEN,OBSERVACION,FECHA,NUM_PERSONA,ID_ESTADO) values ('24','1','2','Pruebas',to_date('03/11/17','DD/MM/RR'),'0','2');
Insert into SIGEBI_OAF.SGB_REGISTRO_MOVIMIENTO (ID_REGISTRO_MOVIMIENTO,ID_TIPO,ID_BIEN,OBSERVACION,FECHA,NUM_PERSONA,ID_ESTADO) values ('83','1','19','Pruebas rechazo',to_date('12/12/17','DD/MM/RR'),'0','2');
Insert into SIGEBI_OAF.SGB_REGISTRO_MOVIMIENTO (ID_REGISTRO_MOVIMIENTO,ID_TIPO,ID_BIEN,OBSERVACION,FECHA,NUM_PERSONA,ID_ESTADO) values ('84','1','22','Pruebas rechazo',to_date('12/12/17','DD/MM/RR'),'0','2');
Insert into SIGEBI_OAF.SGB_REGISTRO_MOVIMIENTO (ID_REGISTRO_MOVIMIENTO,ID_TIPO,ID_BIEN,OBSERVACION,FECHA,NUM_PERSONA,ID_ESTADO) values ('17','1','1','Solicitud de sincronizacion sequenes auto',to_date('02/11/17','DD/MM/RR'),'0','3');
Insert into SIGEBI_OAF.SGB_REGISTRO_MOVIMIENTO (ID_REGISTRO_MOVIMIENTO,ID_TIPO,ID_BIEN,OBSERVACION,FECHA,NUM_PERSONA,ID_ESTADO) values ('18','1','2','Solictitud de sincronizacion id 18',to_date('02/11/17','DD/MM/RR'),'0','3');
Insert into SIGEBI_OAF.SGB_REGISTRO_MOVIMIENTO (ID_REGISTRO_MOVIMIENTO,ID_TIPO,ID_BIEN,OBSERVACION,FECHA,NUM_PERSONA,ID_ESTADO) values ('60','2','14',null,to_date('08/12/17','DD/MM/RR'),'0','3');
Insert into SIGEBI_OAF.SGB_REGISTRO_MOVIMIENTO (ID_REGISTRO_MOVIMIENTO,ID_TIPO,ID_BIEN,OBSERVACION,FECHA,NUM_PERSONA,ID_ESTADO) values ('61','2','6',null,to_date('08/12/17','DD/MM/RR'),'0','3');
Insert into SIGEBI_OAF.SGB_REGISTRO_MOVIMIENTO (ID_REGISTRO_MOVIMIENTO,ID_TIPO,ID_BIEN,OBSERVACION,FECHA,NUM_PERSONA,ID_ESTADO) values ('67','2','24',null,to_date('11/12/17','DD/MM/RR'),'0','3');
Insert into SIGEBI_OAF.SGB_REGISTRO_MOVIMIENTO (ID_REGISTRO_MOVIMIENTO,ID_TIPO,ID_BIEN,OBSERVACION,FECHA,NUM_PERSONA,ID_ESTADO) values ('68','2','25',null,to_date('11/12/17','DD/MM/RR'),'0','3');
Insert into SIGEBI_OAF.SGB_REGISTRO_MOVIMIENTO (ID_REGISTRO_MOVIMIENTO,ID_TIPO,ID_BIEN,OBSERVACION,FECHA,NUM_PERSONA,ID_ESTADO) values ('71','2','13',null,to_date('11/12/17','DD/MM/RR'),'0','3');
Insert into SIGEBI_OAF.SGB_REGISTRO_MOVIMIENTO (ID_REGISTRO_MOVIMIENTO,ID_TIPO,ID_BIEN,OBSERVACION,FECHA,NUM_PERSONA,ID_ESTADO) values ('72','2','13','Pruebas ',to_date('11/12/17','DD/MM/RR'),'0','2');
Insert into SIGEBI_OAF.SGB_REGISTRO_MOVIMIENTO (ID_REGISTRO_MOVIMIENTO,ID_TIPO,ID_BIEN,OBSERVACION,FECHA,NUM_PERSONA,ID_ESTADO) values ('73','2','13',null,to_date('11/12/17','DD/MM/RR'),'0','3');
Insert into SIGEBI_OAF.SGB_REGISTRO_MOVIMIENTO (ID_REGISTRO_MOVIMIENTO,ID_TIPO,ID_BIEN,OBSERVACION,FECHA,NUM_PERSONA,ID_ESTADO) values ('74','2','14',null,to_date('11/12/17','DD/MM/RR'),'0','3');
Insert into SIGEBI_OAF.SGB_REGISTRO_MOVIMIENTO (ID_REGISTRO_MOVIMIENTO,ID_TIPO,ID_BIEN,OBSERVACION,FECHA,NUM_PERSONA,ID_ESTADO) values ('75','2','14','Pruebas para el rechazo de un bien',to_date('11/12/17','DD/MM/RR'),'0','2');
REM INSERTING into SIGEBI_OAF.SGB_ROL
SET DEFINE OFF;
Insert into SIGEBI_OAF.SGB_ROL (ID_ROL,CODIGO,NOMBRE,ID_ESTADO) values ('217','4','PERMISO ESPECIAL','12');
Insert into SIGEBI_OAF.SGB_ROL (ID_ROL,CODIGO,NOMBRE,ID_ESTADO) values ('2','2','Director','12');
Insert into SIGEBI_OAF.SGB_ROL (ID_ROL,CODIGO,NOMBRE,ID_ESTADO) values ('3','3','Responsable','12');
Insert into SIGEBI_OAF.SGB_ROL (ID_ROL,CODIGO,NOMBRE,ID_ESTADO) values ('1','1','Técnico','12');
REM INSERTING into SIGEBI_OAF.SGB_SALIDA
SET DEFINE OFF;
REM INSERTING into SIGEBI_OAF.SGB_SALIDA_DETALLE
SET DEFINE OFF;
REM INSERTING into SIGEBI_OAF.SGB_SUB_CLASIFICACION
SET DEFINE OFF;
Insert into SIGEBI_OAF.SGB_SUB_CLASIFICACION (ID_SUB_CLASIFICACION,ID_CLASIFICACION,NOMBRE,ID_ESTADO) values ('1','1','SUB_CLASIFICACION 1','1');
Insert into SIGEBI_OAF.SGB_SUB_CLASIFICACION (ID_SUB_CLASIFICACION,ID_CLASIFICACION,NOMBRE,ID_ESTADO) values ('2','1','SUB CLASIFICACIÓN 2','1');
Insert into SIGEBI_OAF.SGB_SUB_CLASIFICACION (ID_SUB_CLASIFICACION,ID_CLASIFICACION,NOMBRE,ID_ESTADO) values ('3','1','SUB CLASIFICACIÓN 3','1');
Insert into SIGEBI_OAF.SGB_SUB_CLASIFICACION (ID_SUB_CLASIFICACION,ID_CLASIFICACION,NOMBRE,ID_ESTADO) values ('4','2','SUB CLASIFICACIÓN 4','1');
Insert into SIGEBI_OAF.SGB_SUB_CLASIFICACION (ID_SUB_CLASIFICACION,ID_CLASIFICACION,NOMBRE,ID_ESTADO) values ('5','2','SUB CLASIFICACIÓN 5','1');
Insert into SIGEBI_OAF.SGB_SUB_CLASIFICACION (ID_SUB_CLASIFICACION,ID_CLASIFICACION,NOMBRE,ID_ESTADO) values ('6','3','SUB CLASIFICACIÓN 6','1');
Insert into SIGEBI_OAF.SGB_SUB_CLASIFICACION (ID_SUB_CLASIFICACION,ID_CLASIFICACION,NOMBRE,ID_ESTADO) values ('7','4','SUB CLASIFICACIÓN 7','1');
Insert into SIGEBI_OAF.SGB_SUB_CLASIFICACION (ID_SUB_CLASIFICACION,ID_CLASIFICACION,NOMBRE,ID_ESTADO) values ('8','5','SUB CLASIFICACIÓN 8','1');
Insert into SIGEBI_OAF.SGB_SUB_CLASIFICACION (ID_SUB_CLASIFICACION,ID_CLASIFICACION,NOMBRE,ID_ESTADO) values ('9','6','SUB CLASIFICACIÓN 9','1');
Insert into SIGEBI_OAF.SGB_SUB_CLASIFICACION (ID_SUB_CLASIFICACION,ID_CLASIFICACION,NOMBRE,ID_ESTADO) values ('10','7','SUB CLASIFICACIÓN 10','1');
Insert into SIGEBI_OAF.SGB_SUB_CLASIFICACION (ID_SUB_CLASIFICACION,ID_CLASIFICACION,NOMBRE,ID_ESTADO) values ('11','8','SUB CLASIFICACIÓN 11','1');
Insert into SIGEBI_OAF.SGB_SUB_CLASIFICACION (ID_SUB_CLASIFICACION,ID_CLASIFICACION,NOMBRE,ID_ESTADO) values ('12','9','SUB CLASIFICACIÓN 12','1');
REM INSERTING into SIGEBI_OAF.SGB_TIPO
SET DEFINE OFF;
Insert into SIGEBI_OAF.SGB_TIPO (ID_TIPO,NOMBRE,DOMINIO,ID_ESTADO,VALOR) values ('2','INMUEBLE','TIPO','12','2');
Insert into SIGEBI_OAF.SGB_TIPO (ID_TIPO,NOMBRE,DOMINIO,ID_ESTADO,VALOR) values ('1','MUEBLE','TIPO','12','1');
Insert into SIGEBI_OAF.SGB_TIPO (ID_TIPO,NOMBRE,DOMINIO,ID_ESTADO,VALOR) values ('17','REUBICAR','INFORME_TECNICO','12','1');
Insert into SIGEBI_OAF.SGB_TIPO (ID_TIPO,NOMBRE,DOMINIO,ID_ESTADO,VALOR) values ('18','USAR PIEZAS','INFORME_TECNICO','12','5');
Insert into SIGEBI_OAF.SGB_TIPO (ID_TIPO,NOMBRE,DOMINIO,ID_ESTADO,VALOR) values ('19','DESECHAR','INFORME_TECNICO','12','4');
Insert into SIGEBI_OAF.SGB_TIPO (ID_TIPO,NOMBRE,DOMINIO,ID_ESTADO,VALOR) values ('20','REPARAR','INFORME_TECNICO','12','6');
Insert into SIGEBI_OAF.SGB_TIPO (ID_TIPO,NOMBRE,DOMINIO,ID_ESTADO,VALOR) values ('21','DONAR','INFORME_TECNICO','12','2');
Insert into SIGEBI_OAF.SGB_TIPO (ID_TIPO,NOMBRE,DOMINIO,ID_ESTADO,VALOR) values ('22','OTROS','INFORME_TECNICO','12','3');
Insert into SIGEBI_OAF.SGB_TIPO (ID_TIPO,NOMBRE,DOMINIO,ID_ESTADO,VALOR) values ('29','DESECHO','EXCLUSION','12','2');
Insert into SIGEBI_OAF.SGB_TIPO (ID_TIPO,NOMBRE,DOMINIO,ID_ESTADO,VALOR) values ('30','PRESTAMO','EXCLUSION','12','3');
Insert into SIGEBI_OAF.SGB_TIPO (ID_TIPO,NOMBRE,DOMINIO,ID_ESTADO,VALOR) values ('31','RETORNO','EXCLUSION','12','4');
Insert into SIGEBI_OAF.SGB_TIPO (ID_TIPO,NOMBRE,DOMINIO,ID_ESTADO,VALOR) values ('23','Donación','PROCESO','12','3');
Insert into SIGEBI_OAF.SGB_TIPO (ID_TIPO,NOMBRE,DOMINIO,ID_ESTADO,VALOR) values ('24','Exclusión por desecho','PROCESO','12','2');
Insert into SIGEBI_OAF.SGB_TIPO (ID_TIPO,NOMBRE,DOMINIO,ID_ESTADO,VALOR) values ('25','Exclusión por donación','PROCESO','12','1');
Insert into SIGEBI_OAF.SGB_TIPO (ID_TIPO,NOMBRE,DOMINIO,ID_ESTADO,VALOR) values ('28','DONACION','EXCLUSION','12','1');
Insert into SIGEBI_OAF.SGB_TIPO (ID_TIPO,NOMBRE,DOMINIO,ID_ESTADO,VALOR) values ('10','PLACA','IDENTIFICACION','12','8');
Insert into SIGEBI_OAF.SGB_TIPO (ID_TIPO,NOMBRE,DOMINIO,ID_ESTADO,VALOR) values ('11','ID UNIDAD','IDENTIFICACION','12','7');
Insert into SIGEBI_OAF.SGB_TIPO (ID_TIPO,NOMBRE,DOMINIO,ID_ESTADO,VALOR) values ('26','DONACIÓN','ACTA','12','2');
Insert into SIGEBI_OAF.SGB_TIPO (ID_TIPO,NOMBRE,DOMINIO,ID_ESTADO,VALOR) values ('27','DESECHO','ACTA','12','1');
Insert into SIGEBI_OAF.SGB_TIPO (ID_TIPO,NOMBRE,DOMINIO,ID_ESTADO,VALOR) values ('34','TRASLADO','PROCESO','12','4');
Insert into SIGEBI_OAF.SGB_TIPO (ID_TIPO,NOMBRE,DOMINIO,ID_ESTADO,VALOR) values ('3','MARCA','CARACTERISTICA','12','3');
Insert into SIGEBI_OAF.SGB_TIPO (ID_TIPO,NOMBRE,DOMINIO,ID_ESTADO,VALOR) values ('4','MODELO','CARACTERISTICA','12','2');
Insert into SIGEBI_OAF.SGB_TIPO (ID_TIPO,NOMBRE,DOMINIO,ID_ESTADO,VALOR) values ('5','SERIE','CARACTERISTICA','12','1');
Insert into SIGEBI_OAF.SGB_TIPO (ID_TIPO,NOMBRE,DOMINIO,ID_ESTADO,VALOR) values ('6','COMPRA DIRECTA','ORIGEN','12','9');
Insert into SIGEBI_OAF.SGB_TIPO (ID_TIPO,NOMBRE,DOMINIO,ID_ESTADO,VALOR) values ('7','DONACIÓN DE FUND. UCR','ORIGEN','12','8');
Insert into SIGEBI_OAF.SGB_TIPO (ID_TIPO,NOMBRE,DOMINIO,ID_ESTADO,VALOR) values ('8','DONACIÓN EXTERNA','ORIGEN','12','7');
Insert into SIGEBI_OAF.SGB_TIPO (ID_TIPO,NOMBRE,DOMINIO,ID_ESTADO,VALOR) values ('9','GARANTÍA','ORIGEN','12','6');
Insert into SIGEBI_OAF.SGB_TIPO (ID_TIPO,NOMBRE,DOMINIO,ID_ESTADO,VALOR) values ('12','NACIMIENTO','ORIGEN','12','5');
Insert into SIGEBI_OAF.SGB_TIPO (ID_TIPO,NOMBRE,DOMINIO,ID_ESTADO,VALOR) values ('13','REPOSICIÓN','ORIGEN','12','4');
Insert into SIGEBI_OAF.SGB_TIPO (ID_TIPO,NOMBRE,DOMINIO,ID_ESTADO,VALOR) values ('14','COMPRA FONDOS TRABAJO','ORIGEN','12','3');
Insert into SIGEBI_OAF.SGB_TIPO (ID_TIPO,NOMBRE,DOMINIO,ID_ESTADO,VALOR) values ('15','CONFECCIONES','ORIGEN','12','1');
Insert into SIGEBI_OAF.SGB_TIPO (ID_TIPO,NOMBRE,DOMINIO,ID_ESTADO,VALOR) values ('16','PERMUTAS','ORIGEN','12','2');
Insert into SIGEBI_OAF.SGB_TIPO (ID_TIPO,NOMBRE,DOMINIO,ID_ESTADO,VALOR) values ('32','DOCUMENTO','DOCUMENTO','12','1');
Insert into SIGEBI_OAF.SGB_TIPO (ID_TIPO,NOMBRE,DOMINIO,ID_ESTADO,VALOR) values ('33','ADJUNTO','ADJUNTO','12','1');
REM INSERTING into SIGEBI_OAF.SGB_TOMA_FISICA
SET DEFINE OFF;
REM INSERTING into SIGEBI_OAF.SGB_TOMA_FISICA_LOTE
SET DEFINE OFF;
REM INSERTING into SIGEBI_OAF.SGB_TOMA_FISICA_SOBRANTE
SET DEFINE OFF;
REM INSERTING into SIGEBI_OAF.SGB_TOMA_FISICA_UNITARIA
SET DEFINE OFF;
REM INSERTING into SIGEBI_OAF.SGB_TRASLADO
SET DEFINE OFF;
Insert into SIGEBI_OAF.SGB_TRASLADO (ID_TRASLADO,FECHA,NUM_UNIDAD_EJEC,ID_PERSONA,NUM_UNIDAD_EJEC_RECIBE,ID_PERSONA_RECIBE,ID_UBICACION,OBSERVACIONES,ID_ESTADO,EMPRESA_ORIGEN,EMPRESA_DESTINO) values ('10',to_date('15/01/18','DD/MM/RR'),'1825','pruebas06','1839',null,'1','Prueba Enero','27','1','1');
Insert into SIGEBI_OAF.SGB_TRASLADO (ID_TRASLADO,FECHA,NUM_UNIDAD_EJEC,ID_PERSONA,NUM_UNIDAD_EJEC_RECIBE,ID_PERSONA_RECIBE,ID_UBICACION,OBSERVACIONES,ID_ESTADO,EMPRESA_ORIGEN,EMPRESA_DESTINO) values ('7',to_date('21/12/17','DD/MM/RR'),'1825','pruebas04','1839',null,'1','UNIVERSIDAD DE COSTA RICA','12','1','1');
Insert into SIGEBI_OAF.SGB_TRASLADO (ID_TRASLADO,FECHA,NUM_UNIDAD_EJEC,ID_PERSONA,NUM_UNIDAD_EJEC_RECIBE,ID_PERSONA_RECIBE,ID_UBICACION,OBSERVACIONES,ID_ESTADO,EMPRESA_ORIGEN,EMPRESA_DESTINO) values ('8',to_date('21/12/17','DD/MM/RR'),'1825','pruebas04','2',null,'2','BECAS VICTORIA SALAS DOUST-INVERSION','12','1','1');
Insert into SIGEBI_OAF.SGB_TRASLADO (ID_TRASLADO,FECHA,NUM_UNIDAD_EJEC,ID_PERSONA,NUM_UNIDAD_EJEC_RECIBE,ID_PERSONA_RECIBE,ID_UBICACION,OBSERVACIONES,ID_ESTADO,EMPRESA_ORIGEN,EMPRESA_DESTINO) values ('9',to_date('03/01/18','DD/MM/RR'),'1825','pruebas04','1839',null,'1','PRUEBAS DE REGISTRO EN TRASLADOS','25','1','1');
Insert into SIGEBI_OAF.SGB_TRASLADO (ID_TRASLADO,FECHA,NUM_UNIDAD_EJEC,ID_PERSONA,NUM_UNIDAD_EJEC_RECIBE,ID_PERSONA_RECIBE,ID_UBICACION,OBSERVACIONES,ID_ESTADO,EMPRESA_ORIGEN,EMPRESA_DESTINO) values ('5',to_date('18/12/17','DD/MM/RR'),'1825','pruebas04','1827',null,'1','AREA DE ARTES Y LETRAS','12','1','1');
Insert into SIGEBI_OAF.SGB_TRASLADO (ID_TRASLADO,FECHA,NUM_UNIDAD_EJEC,ID_PERSONA,NUM_UNIDAD_EJEC_RECIBE,ID_PERSONA_RECIBE,ID_UBICACION,OBSERVACIONES,ID_ESTADO,EMPRESA_ORIGEN,EMPRESA_DESTINO) values ('6',to_date('18/12/17','DD/MM/RR'),'1825','pruebas04','1839',null,'2','UNIVERSIDAD DE COSTA RICA','27','1','1');
REM INSERTING into SIGEBI_OAF.SGB_TRASLADO_DETALLE
SET DEFINE OFF;
Insert into SIGEBI_OAF.SGB_TRASLADO_DETALLE (ID_TRASLADO_DETALLE,ID_TRASLADO,ID_BIEN,ID_ESTADO) values ('53','10','23','27');
Insert into SIGEBI_OAF.SGB_TRASLADO_DETALLE (ID_TRASLADO_DETALLE,ID_TRASLADO,ID_BIEN,ID_ESTADO) values ('54','10','12','27');
Insert into SIGEBI_OAF.SGB_TRASLADO_DETALLE (ID_TRASLADO_DETALLE,ID_TRASLADO,ID_BIEN,ID_ESTADO) values ('1','8','18','27');
Insert into SIGEBI_OAF.SGB_TRASLADO_DETALLE (ID_TRASLADO_DETALLE,ID_TRASLADO,ID_BIEN,ID_ESTADO) values ('2','8','21','27');
Insert into SIGEBI_OAF.SGB_TRASLADO_DETALLE (ID_TRASLADO_DETALLE,ID_TRASLADO,ID_BIEN,ID_ESTADO) values ('3','8','20','27');
Insert into SIGEBI_OAF.SGB_TRASLADO_DETALLE (ID_TRASLADO_DETALLE,ID_TRASLADO,ID_BIEN,ID_ESTADO) values ('4','8','10','27');
Insert into SIGEBI_OAF.SGB_TRASLADO_DETALLE (ID_TRASLADO_DETALLE,ID_TRASLADO,ID_BIEN,ID_ESTADO) values ('42','9','18','25');
Insert into SIGEBI_OAF.SGB_TRASLADO_DETALLE (ID_TRASLADO_DETALLE,ID_TRASLADO,ID_BIEN,ID_ESTADO) values ('43','9','20','25');
Insert into SIGEBI_OAF.SGB_TRASLADO_DETALLE (ID_TRASLADO_DETALLE,ID_TRASLADO,ID_BIEN,ID_ESTADO) values ('47','6','18','25');
Insert into SIGEBI_OAF.SGB_TRASLADO_DETALLE (ID_TRASLADO_DETALLE,ID_TRASLADO,ID_BIEN,ID_ESTADO) values ('48','6','21','27');
Insert into SIGEBI_OAF.SGB_TRASLADO_DETALLE (ID_TRASLADO_DETALLE,ID_TRASLADO,ID_BIEN,ID_ESTADO) values ('49','6','20','27');
Insert into SIGEBI_OAF.SGB_TRASLADO_DETALLE (ID_TRASLADO_DETALLE,ID_TRASLADO,ID_BIEN,ID_ESTADO) values ('34','7','18','26');
Insert into SIGEBI_OAF.SGB_TRASLADO_DETALLE (ID_TRASLADO_DETALLE,ID_TRASLADO,ID_BIEN,ID_ESTADO) values ('35','7','20','25');
Insert into SIGEBI_OAF.SGB_TRASLADO_DETALLE (ID_TRASLADO_DETALLE,ID_TRASLADO,ID_BIEN,ID_ESTADO) values ('36','7','22','27');
Insert into SIGEBI_OAF.SGB_TRASLADO_DETALLE (ID_TRASLADO_DETALLE,ID_TRASLADO,ID_BIEN,ID_ESTADO) values ('14','5','22','27');
Insert into SIGEBI_OAF.SGB_TRASLADO_DETALLE (ID_TRASLADO_DETALLE,ID_TRASLADO,ID_BIEN,ID_ESTADO) values ('15','5','22','27');
Insert into SIGEBI_OAF.SGB_TRASLADO_DETALLE (ID_TRASLADO_DETALLE,ID_TRASLADO,ID_BIEN,ID_ESTADO) values ('50','6','15','26');
Insert into SIGEBI_OAF.SGB_TRASLADO_DETALLE (ID_TRASLADO_DETALLE,ID_TRASLADO,ID_BIEN,ID_ESTADO) values ('51','6','5','27');
Insert into SIGEBI_OAF.SGB_TRASLADO_DETALLE (ID_TRASLADO_DETALLE,ID_TRASLADO,ID_BIEN,ID_ESTADO) values ('52','6','7','25');
Insert into SIGEBI_OAF.SGB_TRASLADO_DETALLE (ID_TRASLADO_DETALLE,ID_TRASLADO,ID_BIEN,ID_ESTADO) values ('37','7','15','27');
REM INSERTING into SIGEBI_OAF.SGB_UBICACION
SET DEFINE OFF;
Insert into SIGEBI_OAF.SGB_UBICACION (ID_UBICACION,DETALLE,PERTENECE,ID_PERSONA,NUM_UNIDAD_EJEC,ID_ESTADO) values ('1','OFICINAS CENTRALES','1','1','1826','1');
Insert into SIGEBI_OAF.SGB_UBICACION (ID_UBICACION,DETALLE,PERTENECE,ID_PERSONA,NUM_UNIDAD_EJEC,ID_ESTADO) values ('2','LABORATORIO 3','1','1','1826','1');
